time,id,mag,future_3h_mag_ge_5_5_event,future_3h_event_count,future_3h_max_mag,future_3h_first_event_time,future_3h_first_event_id
2020-01-01T01:08:54.688Z,us70006t17,4.5,0,0,,,
2020-01-01T01:12:17.070Z,us700070sw,4.3,0,0,,,
2020-01-01T07:00:45.869Z,us700070t7,4.3,0,0,,,
2020-01-01T07:47:41.464Z,us700070t8,4,0,0,,,
2020-01-02T18:23:53.135Z,us70006ttf,5.7,0,0,,,
2020-01-03T01:19:09.789Z,us70006u1x,4.7,0,0,,,
2020-01-03T02:09:03.951Z,us7000714a,4.3,0,0,,,
2020-01-05T12:25:50.011Z,us70006uz5,4.8,0,0,,,
2020-01-05T21:39:18.586Z,us600079be,4.4,0,0,,,
2020-01-07T01:16:55.922Z,us70006vin,4.4,0,0,,,
2020-01-07T05:10:54.021Z,us60007c61,4.6,0,0,,,
2020-01-07T19:21:59.641Z,us60007c6p,4.4,0,0,,,
2020-01-08T00:02:32.185Z,us70006w6d,4.3,0,0,,,
2020-01-08T00:31:04.725Z,us70006w4k,4.5,0,0,,,
2020-01-08T02:57:49.420Z,us70006w66,4.9,0,0,,,
2020-01-08T07:49:48.218Z,us70006w8s,4.4,0,0,,,
2020-01-08T15:24:57.051Z,us70006wdf,4.5,0,0,,,
2020-01-08T17:06:21.385Z,us60007cts,4.1,0,0,,,
2020-01-11T05:45:00.422Z,us70006y6m,4.7,0,0,,,
2020-01-11T12:11:28.615Z,us60007dv9,4.1,0,0,,,
2020-01-11T15:55:40.949Z,us70006yfh,4.7,0,0,,,
2020-01-12T09:25:33.152Z,us60007et2,4.2,0,0,,,
2020-01-13T19:53:48.042Z,us70006zbk,5,0,0,,,
2020-01-14T04:25:51.167Z,us70006zhu,4.8,0,0,,,
2020-01-14T23:18:58.934Z,us60007hcv,4.1,0,0,,,
2020-01-15T11:13:32.534Z,us60007i8l,4.1,0,0,,,
2020-01-15T11:31:34.840Z,us70007077,5,0,0,,,
2020-01-17T17:53:46.204Z,us60007j8n,4.4,0,0,,,
2020-01-17T20:21:34.532Z,us600079g5,4.3,0,0,,,
2020-01-19T22:53:17.805Z,us60007k7p,4,0,0,,,
2020-01-21T10:17:54.906Z,us60007c0t,4.6,0,0,,,
2020-01-21T19:34:34.181Z,us60007lgf,4.4,0,0,,,
2020-01-22T22:08:45.393Z,us60007lj4,4.4,0,0,,,
2020-01-23T16:21:16.334Z,us60007nib,4.2,0,0,,,
2020-01-24T03:44:31.491Z,us60007eec,4.6,0,0,,,
2020-01-24T13:28:40.967Z,us60007enz,4.6,0,0,,,
2020-01-25T10:37:22.028Z,us60007fn8,4.4,0,0,,,
2020-01-25T11:01:20.107Z,us60007fn7,4.7,0,0,,,
2020-01-25T17:44:35.087Z,us70007j4x,4.1,0,0,,,
2020-01-25T19:40:44.906Z,us60007fwv,4.6,0,0,,,
2020-01-28T01:36:03.649Z,us60007huu,5.4,0,0,,,
2020-01-28T10:13:50.067Z,us60007i3r,4.5,0,0,,,
2020-01-28T14:59:47.176Z,us70007k44,4.3,0,0,,,
2020-01-29T06:14:05.544Z,us60007iv7,4.6,0,0,,,
2020-01-29T10:32:24.046Z,us70007kw3,4.4,0,0,,,
2020-01-30T03:21:18.146Z,us70007kxy,4.4,0,0,,,
2020-01-31T12:26:29.574Z,us70007l0w,4.2,0,0,,,
2020-01-31T16:11:21.024Z,us60007lgs,5.2,0,0,,,
2020-01-31T17:07:46.302Z,us60007lia,5.3,0,0,,,
2020-02-01T04:37:39.375Z,us70007mkb,4.2,0,0,,,
2020-02-01T04:43:05.910Z,us70007mk5,4.3,0,0,,,
2020-02-01T08:21:42.765Z,us70007mkd,4.3,0,0,,,
2020-02-02T06:28:08.815Z,us60007ml8,4.7,0,0,,,
2020-02-03T07:10:13.474Z,us70007nuj,4.3,0,0,,,
2020-02-03T19:54:04.581Z,us70007nv1,4,0,0,,,
2020-02-04T21:35:13.931Z,us70007pev,4.3,0,0,,,
2020-02-05T01:00:49.970Z,us70007itc,4.7,0,0,,,
2020-02-06T06:44:12.374Z,us70007q1e,4.4,0,0,,,
2020-02-06T11:19:56.405Z,us70007juj,5.3,0,0,,,
2020-02-07T22:54:56.883Z,us70007q4t,4.2,0,0,,,
2020-02-08T03:13:59.336Z,us70007q5f,4.3,0,0,,,
2020-02-08T21:58:38.568Z,us70007lrw,4.6,0,0,,,
2020-02-08T22:47:05.647Z,us70007q6h,4.1,0,0,,,
2020-02-09T07:36:14.355Z,us70007q7m,4,0,0,,,
2020-02-09T21:08:32.785Z,us70007q8b,4.3,0,0,,,
2020-02-10T10:11:07.709Z,us70007mhd,4.8,0,0,,,
2020-02-10T14:52:17.341Z,us70007mjv,4.6,0,0,,,
2020-02-10T21:11:44.438Z,us70007mvi,3.2,0,0,,,
2020-02-11T18:06:27.056Z,us70007sg5,4.5,0,0,,,
2020-02-11T19:14:32.409Z,us70007nac,4.5,0,0,,,
2020-02-12T10:36:36.987Z,us70007t1f,4.3,0,0,,,
2020-02-12T10:37:18.660Z,us70007nqa,5.2,0,0,,,
2020-02-13T10:33:44.406Z,us70007pa9,7,0,0,,,
2020-02-14T06:22:26.278Z,us70007pvq,4.7,0,0,,,
2020-02-15T06:08:24.934Z,us70007qqv,4,0,0,,,
2020-02-15T18:52:47.208Z,us70007qz1,4.5,0,0,,,
2020-02-17T03:40:52.968Z,us70007rmf,4.6,0,0,,,
2020-02-18T03:45:11.133Z,us70007s72,4.5,0,0,,,
2020-02-18T03:45:32.010Z,us70007vwu,4.7,0,0,,,
2020-02-19T15:50:33.807Z,us70007t2h,4.7,0,0,,,
2020-02-20T03:53:09.975Z,us70007tdf,4.5,0,0,,,
2020-02-22T11:47:24.949Z,us600085at,4.1,0,0,,,
2020-02-22T20:42:15.276Z,us70007uwe,4.4,0,0,,,
2020-02-23T09:48:54.783Z,us600085ya,4.2,0,0,,,
2020-02-23T10:03:35.999Z,us70007v4s,4.7,0,0,,,
2020-02-23T12:57:08.416Z,us70007v6u,4.9,0,0,,,
2020-02-23T17:29:19.923Z,us70007vb4,4.4,0,0,,,
2020-02-25T06:39:47.533Z,us70007wbp,4.7,0,0,,,
2020-02-25T17:58:58.774Z,us600089b7,4.2,0,0,,,
2020-02-26T00:22:29.890Z,us600084d3,4.3,0,0,,,
2020-02-26T18:02:44.272Z,us600089i3,4.1,0,0,,,
2020-02-29T00:27:27.158Z,us60008acs,4.1,0,0,,,
2020-03-01T00:08:37.823Z,us6000876d,4.4,0,0,,,
2020-03-02T00:47:34.701Z,us600087mu,4.8,0,0,,,
2020-03-02T22:43:23.187Z,us6000888n,4.5,0,0,,,
2020-03-03T02:59:43.943Z,us60008b6q,4.3,0,0,,,
2020-03-03T03:20:24.421Z,us60008b6b,4.2,0,0,,,
2020-03-03T09:31:14.048Z,us600088jk,4.8,0,0,,,
2020-03-03T09:44:48.621Z,us600088ju,4.5,0,0,,,
2020-03-04T07:25:44.820Z,us60008cjn,4,0,0,,,
2020-03-07T05:02:08.363Z,us60008bim,4.7,0,0,,,
2020-03-07T11:56:54.354Z,us60008c7q,4.3,0,0,,,
2020-03-08T19:28:44.689Z,us60008c4z,4.9,0,0,,,
2020-03-09T03:34:13.527Z,us60008f48,4.2,0,0,,,
2020-03-09T11:56:01.967Z,us60008f4k,4.4,0,0,,,
2020-03-10T00:13:34.044Z,us60008f5d,4.3,0,0,,,
2020-03-10T06:39:54.378Z,us60008f5g,4.5,0,0,,,
2020-03-11T04:04:29.175Z,us60008dhz,4.5,0,0,,,
2020-03-11T05:03:39.028Z,us60008gkg,4,0,0,,,
2020-03-12T17:18:46.197Z,us60008egj,5.3,0,0,,,
2020-03-13T13:06:41.283Z,us60008ezs,4.7,0,0,,,
2020-03-14T11:05:28.090Z,us60008hpu,4.1,0,0,,,
2020-03-15T02:49:09.101Z,us60008fya,4.2,0,0,,,
2020-03-15T10:30:48.346Z,us70008c3u,4.3,0,0,,,
2020-03-15T20:28:27.570Z,us70008c46,4.3,0,0,,,
2020-03-16T11:42:20.797Z,us60008gsp,3.8,0,0,,,
2020-03-16T12:23:33.080Z,us70008gxf,4.1,0,0,,,
2020-03-17T07:54:52.518Z,us70008gxy,4.2,0,0,,,
2020-03-17T15:10:32.414Z,us60008h6c,5,0,0,,,
2020-03-18T16:32:42.911Z,us70008gyw,4.3,0,0,,,
2020-03-20T19:47:39.563Z,us70008h0f,4.3,0,0,,,
2020-03-21T03:37:54.160Z,us70008den,4.4,0,0,,,
2020-03-21T09:03:11.305Z,us70008dht,4.5,0,0,,,
2020-03-24T19:04:06.519Z,us70008f8y,4.8,0,0,,,
2020-03-25T07:15:44.252Z,us70008iya,4.2,0,0,,,
2020-03-25T17:43:43.396Z,us70008iyi,4.3,0,0,,,
2020-03-25T22:18:22.156Z,us70008g42,4.1,0,0,,,
2020-03-28T00:57:51.769Z,us70008hmk,4.9,0,0,,,
2020-03-30T08:15:10.494Z,us70008mne,3.9,0,0,,,
2020-03-30T22:05:32.068Z,us70008iwi,4.5,0,0,,,
2020-03-31T11:24:00.075Z,us70008j5w,4.9,0,0,,,
2020-03-31T19:49:52.012Z,us70008mt4,4.3,0,0,,,
2020-04-01T04:28:32.489Z,us70008qh9,4.3,0,0,,,
2020-04-02T01:30:08.498Z,us70008rhs,4.1,0,0,,,
2020-04-02T04:28:28.263Z,us70008rhr,4.2,0,0,,,
2020-04-02T09:13:16.793Z,us70008lec,4.5,0,0,,,
2020-04-03T01:24:11.588Z,us70008rq4,4.3,0,0,,,
2020-04-03T04:02:08.809Z,us70008rq6,4.4,0,0,,,
2020-04-06T07:41:43.721Z,us70008ps9,4.2,0,0,,,
2020-04-07T01:47:12.687Z,us70008wm1,4.4,0,0,,,
2020-04-07T05:12:03.027Z,us70008qdk,4.8,0,0,,,
2020-04-08T10:44:49.874Z,us70008wvg,4.2,0,0,,,
2020-04-08T12:32:10.372Z,us70008wvj,4.5,0,0,,,
2020-04-09T22:58:22.484Z,us70008xma,4.1,0,0,,,
2020-04-10T10:22:56.983Z,us70008t5u,4.5,0,0,,,
2020-04-10T12:40:53.958Z,us70008ye7,4.2,0,0,,,
2020-04-10T20:29:10.223Z,us70008tgt,4.4,0,0,,,
2020-04-11T15:44:47.876Z,us70008ty7,4.8,0,0,,,
2020-04-12T13:11:51.635Z,us70008uuw,4.6,0,0,,,
2020-04-12T13:47:42.741Z,us70008uwg,4.3,0,0,,,
2020-04-12T20:05:05.951Z,us70008ym8,4.2,0,0,,,
2020-04-14T02:02:10.384Z,us7000912d,4.1,0,0,,,
2020-04-14T02:46:26.348Z,us70008vu4,5,0,0,,,
2020-04-15T17:15:29.320Z,us700091sv,4.1,0,0,,,
2020-04-16T02:18:01.618Z,us70008x9u,4.6,0,0,,,
2020-04-17T05:36:48.234Z,us70008y7m,4,0,0,,,
2020-04-17T12:11:02.732Z,us70008yft,4.3,0,0,,,
2020-04-19T03:09:39.430Z,us70008zpf,4.3,0,0,,,
2020-04-19T20:39:05.639Z,us7000903m,6.3,0,0,,,
2020-04-19T23:35:22.546Z,us60009big,4.1,0,0,,,
2020-04-20T01:49:36.927Z,us70009076,4.4,0,0,,,
2020-04-20T04:45:11.266Z,us60009bkm,4.2,0,0,,,
2020-04-20T09:02:17.063Z,us60009bks,4.2,0,0,,,
2020-04-20T09:42:46.961Z,us60009bl3,4.2,0,0,,,
2020-04-20T11:38:52.620Z,us700090e1,4.7,0,0,,,
2020-04-22T11:26:39.332Z,us700091np,4.4,0,0,,,
2020-04-22T18:37:42.410Z,us700091xc,4.4,0,0,,,
2020-04-23T01:22:19.713Z,us60009enq,4.4,0,0,,,
2020-04-23T03:26:50.827Z,us60009aav,4.3,0,0,,,
2020-04-23T04:44:23.106Z,us60009abc,5.2,0,0,,,
2020-04-23T04:52:03.192Z,us60009enw,4.4,0,0,,,
2020-04-23T04:57:55.683Z,us60009ac4,4.6,0,0,,,
2020-04-23T11:47:06.300Z,us60009ak7,3.7,0,0,,,
2020-04-23T12:36:35.884Z,us60009epb,4.1,0,0,,,
2020-04-23T16:38:00.440Z,us60009azu,4.4,0,0,,,
2020-04-23T19:52:26.471Z,us60009ax6,5.2,0,0,,,
2020-04-25T17:22:49.699Z,us700097kq,4.6,0,0,,,
2020-04-26T00:49:10.522Z,us60009ci8,4.9,0,0,,,
2020-04-26T14:02:13.797Z,us60009crz,5,0,0,,,
2020-04-27T02:32:18.779Z,us700097qa,4.3,0,0,,,
2020-04-27T13:24:00.982Z,us60009d8h,4.3,0,0,,,
2020-04-28T09:08:36.138Z,us700099yx,4.3,0,0,,,
2020-04-28T10:31:03.269Z,us60009du4,4.3,0,0,,,
2020-04-28T13:15:30.222Z,us60009dxg,4.5,0,0,,,
2020-04-29T15:46:21.922Z,us70009ag2,4.2,0,0,,,
2020-04-29T16:13:05.044Z,us70009ag3,4.3,0,0,,,
2020-04-30T03:15:21.414Z,us700097a4,5.2,0,0,,,
2020-05-02T04:32:01.466Z,us70009bsd,4.2,0,0,,,
2020-05-03T00:35:06.211Z,us7000993d,4,0,0,,,
2020-05-03T04:20:12.798Z,us7000996k,4.4,0,0,,,
2020-05-03T05:17:49.656Z,us7000997c,4.5,0,0,,,
2020-05-03T05:27:33.098Z,us70009972,4.3,0,0,,,
2020-05-04T03:03:10.711Z,us700099km,5.3,0,0,,,
2020-05-04T13:07:48.414Z,us700099s8,5.6,0,0,,,
2020-05-04T13:34:32.503Z,us700099sl,4.7,0,0,,,
2020-05-04T14:59:43.364Z,us70009elx,4.2,0,0,,,
2020-05-05T07:50:24.802Z,us70009es0,4.2,0,0,,,
2020-05-05T16:57:08.845Z,us70009aif,5.1,0,0,,,
2020-05-06T01:16:11.342Z,us70009ate,4.7,0,0,,,
2020-05-07T14:17:14.050Z,us70009bpt,4.6,0,0,,,
2020-05-07T16:48:14.353Z,us70009g1q,4.1,0,0,,,
2020-05-08T00:33:29.063Z,us70009c2n,4.9,0,0,,,
2020-05-08T00:39:22.000Z,us70009g3h,4.5,0,0,,,
2020-05-08T00:46:49.266Z,us70009g3p,4.3,0,0,,,
2020-05-08T01:22:50.180Z,us70009g3i,4.6,0,0,,,
2020-05-08T21:35:23.422Z,us70009cub,4.5,0,0,,,
2020-05-09T01:32:10.345Z,us70009gli,4.6,0,0,,,
2020-05-10T03:35:16.755Z,us70009dl7,4.4,0,0,,,
2020-05-10T23:58:33.700Z,us70009dus,5.8,0,0,,,
2020-05-11T00:57:45.606Z,us70009dvg,4.6,0,0,,,
2020-05-12T02:44:33.184Z,us70009ej2,4.5,0,0,,,
2020-05-12T21:36:08.318Z,us70009kvg,4.3,0,0,,,
2020-05-13T00:40:31.916Z,us70009lkx,4.5,0,0,,,
2020-05-13T01:28:33.501Z,us70009f48,4.4,0,0,,,
2020-05-13T04:39:22.688Z,us70009ll2,4.1,0,0,,,
2020-05-13T05:56:28.624Z,us70009f6e,5,0,0,,,
2020-05-13T13:18:37.413Z,us70009fae,4.5,0,0,,,
2020-05-13T13:46:23.055Z,us70009fb4,4.5,0,0,,,
2020-05-13T19:30:29.385Z,us70009fjj,4.6,0,0,,,
2020-05-13T21:27:53.690Z,us70009llz,4.5,0,0,,,
2020-05-13T22:37:11.127Z,us70009lm1,4.3,0,0,,,
2020-05-14T21:40:15.526Z,us70009gbb,4.5,0,0,,,
2020-05-15T16:48:36.185Z,us70009gyu,4.4,0,0,,,
2020-05-15T21:27:13.965Z,us70009n6p,4.3,0,0,,,
2020-05-15T23:26:54.741Z,us70009n74,4.4,0,0,,,
2020-05-17T11:38:26.444Z,us70009iut,4.5,0,0,,,
2020-05-18T02:13:01.733Z,us70009nhk,4.5,0,0,,,
2020-05-18T03:00:38.394Z,us70009jbz,5,0,0,,,
2020-05-18T17:01:21.404Z,us70009jvq,4.4,0,0,,,
2020-05-19T03:17:13.037Z,us70009kc6,5.1,0,0,,,
2020-05-19T04:12:59.967Z,us70009kd9,5.2,0,0,,,
2020-05-19T05:23:32.205Z,us70009kfh,4.6,0,0,,,
2020-05-19T07:55:10.718Z,us70009kjx,4.6,0,0,,,
2020-05-20T11:45:27.503Z,us70009lkd,4.5,0,0,,,
2020-05-20T12:31:50.391Z,us6000a0zf,4.4,0,0,,,
2020-05-21T18:24:12.935Z,us6000a1nz,4,0,0,,,
2020-05-22T15:59:43.275Z,us6000a1t9,4.1,0,0,,,
2020-05-23T07:42:47.857Z,us70009p16,4.8,0,0,,,
2020-05-24T09:36:14.771Z,us70009pe7,5.2,0,0,,,
2020-05-25T19:38:15.285Z,us70009q5j,4.5,0,0,,,
2020-05-26T02:18:29.757Z,us70009qbs,4.6,0,0,,,
2020-05-26T03:32:43.624Z,us70009qcp,4.6,0,0,,,
2020-05-26T05:57:58.530Z,us70009qf0,5,0,0,,,
2020-05-26T09:05:05.146Z,us70009qi7,4.6,0,0,,,
2020-05-27T06:32:02.983Z,us60009zud,4.7,0,0,,,
2020-05-27T13:58:32.204Z,us6000a043,4.3,0,0,,,
2020-05-27T19:40:05.606Z,us6000a5ur,4.3,0,0,,,
2020-05-28T12:29:42.720Z,us6000a600,4.1,0,0,,,
2020-05-28T17:46:06.074Z,us6000a608,4.6,0,0,,,
2020-05-28T23:42:49.983Z,us6000a1ec,4.5,0,0,,,
2020-05-29T10:05:17.538Z,us6000a1m1,5.1,0,0,,,
2020-05-29T14:21:17.043Z,us6000a6ed,4.3,0,0,,,
2020-05-30T18:13:48.078Z,us6000a2rt,5.6,0,0,,,
2020-05-31T21:02:11.329Z,us6000a3az,5.2,0,0,,,
2020-06-01T02:04:52.479Z,us6000a3en,4,0,0,,,
2020-06-01T10:31:06.113Z,us6000a3ka,4.9,0,0,,,
2020-06-01T11:18:22.814Z,us6000a3m3,4.6,0,0,,,
2020-06-01T20:49:25.084Z,us6000a8ea,4.4,0,0,,,
2020-06-02T00:59:59.809Z,us6000a8nu,4.5,0,0,,,
2020-06-02T06:41:17.725Z,us6000a4nv,3.1,0,0,,,
2020-06-02T15:41:15.738Z,us6000a4g1,5,0,0,,,
2020-06-02T16:53:19.621Z,us6000a8p8,4.2,0,0,,,
2020-06-02T17:14:00.516Z,us6000a8p9,4.2,0,0,,,
2020-06-03T17:28:52.671Z,us6000a5b5,4.3,0,0,,,
2020-06-03T20:31:20.007Z,us6000a5fq,4.9,0,0,,,
2020-06-04T19:53:52.429Z,us6000a63t,4.4,0,0,,,
2020-06-04T21:50:43.215Z,us6000a66y,4.2,0,0,,,
2020-06-05T02:08:24.292Z,us6000aa3d,4.3,0,0,,,
2020-06-05T22:44:42.720Z,us6000a6x6,4.2,0,0,,,
2020-06-06T13:48:33.387Z,us6000a7lt,4.3,0,0,,,
2020-06-07T00:26:33.890Z,us6000aaq5,4.5,0,0,,,
2020-06-07T04:05:53.901Z,us6000a7cq,4.5,0,0,,,
2020-06-09T02:25:39.186Z,us6000a87s,4.5,0,0,,,
2020-06-09T14:44:20.849Z,us6000acxj,4.5,0,0,,,
2020-06-09T15:12:28.388Z,us6000acxr,4.1,0,0,,,
2020-06-09T15:22:39.774Z,us6000a8k6,4.8,0,0,,,
2020-06-09T15:28:26.024Z,us6000acxl,4,0,0,,,
2020-06-10T13:04:03.008Z,us6000a9a7,4.2,0,0,,,
2020-06-11T17:09:33.713Z,us6000aa2v,4.5,0,0,,,
2020-06-12T11:30:37.591Z,us6000aakx,4.6,0,0,,,
2020-06-12T17:34:41.530Z,us6000ae94,4.2,0,0,,,
2020-06-12T17:42:02.895Z,us6000aau3,4.4,0,0,,,
2020-06-12T19:16:24.757Z,us6000aavu,4.7,0,0,,,
2020-06-13T10:01:44.821Z,us6000aes4,4.2,0,0,,,
2020-06-13T10:47:02.306Z,us6000aes6,4.3,0,0,,,
2020-06-13T17:50:25.051Z,us6000abfv,4.3,0,0,,,
2020-06-14T15:21:13.762Z,us6000aevy,4.3,0,0,,,
2020-06-15T16:55:00.977Z,us6000acb1,4.5,0,0,,,
2020-06-15T23:27:22.327Z,us6000acir,4.1,0,0,,,
2020-06-16T06:36:14.226Z,us6000acn7,4.4,0,0,,,
2020-06-16T15:30:49.649Z,us6000acw6,4.4,0,0,,,
2020-06-17T06:03:03.480Z,us6000adam,4.5,0,0,,,
2020-06-19T05:45:43.819Z,us7000aba1,4.2,0,0,,,
2020-06-20T22:51:25.001Z,us7000ac37,4.1,0,0,,,
2020-06-21T04:55:21.221Z,us6000afry,4.4,0,0,,,
2020-06-24T03:33:04.908Z,us7000afqd,4.4,0,0,,,
2020-06-24T19:47:45.011Z,us7000aabt,5.9,0,0,,,
2020-06-24T22:46:47.307Z,us7000aagv,4.4,0,0,,,
2020-06-25T07:03:50.040Z,us7000agi1,4.2,0,0,,,
2020-06-26T01:25:35.361Z,us7000abt1,4.2,0,0,,,
2020-06-26T11:57:49.515Z,us7000agqf,4.2,0,0,,,
2020-06-27T07:08:08.628Z,us7000acxu,4.5,0,0,,,
2020-06-27T21:17:51.263Z,us7000ad7w,4.7,0,0,,,
2020-06-28T05:59:40.734Z,us7000ahf7,4.6,0,0,,,
2020-06-28T14:54:12.129Z,us7000ads1,4.7,0,0,,,
2020-06-29T09:52:49.620Z,us7000ae89,5.3,0,0,,,
2020-06-29T17:13:39.844Z,us7000ahgt,4,0,0,,,
2020-06-29T19:37:09.937Z,us7000ael6,4.5,0,0,,,
2020-06-30T01:19:38.195Z,us7000ajbz,4.5,0,0,,,
2020-06-30T12:56:53.838Z,us7000af2j,4.9,0,0,,,
2020-06-30T13:32:08.767Z,us7000ajcd,4.2,0,0,,,
2020-06-30T22:32:04.005Z,us7000ajcs,4.2,0,0,,,
2020-07-01T09:25:02.620Z,us7000afrn,4.7,0,0,,,
2020-07-02T07:07:24.419Z,us7000agh1,5.2,0,0,,,
2020-07-03T05:12:55.798Z,us7000ah41,4.9,0,0,,,
2020-07-03T13:33:00.226Z,us7000akqs,4.1,0,0,,,
2020-07-04T04:05:59.785Z,us7000ahr3,4.5,0,0,,,
2020-07-04T19:10:01.654Z,us7000akt6,4.4,0,0,,,
2020-07-05T06:09:35.884Z,us7000al9i,4.4,0,0,,,
2020-07-05T13:57:24.590Z,us7000ala2,4,0,0,,,
2020-07-06T08:32:24.542Z,us7000aim8,4.3,0,0,,,
2020-07-06T15:16:46.454Z,us7000alfa,4.3,0,0,,,
2020-07-06T18:19:09.971Z,us7000aiyp,5.7,0,0,,,
2020-07-06T22:17:05.551Z,us7000aj3u,4.4,0,0,,,
2020-07-07T20:19:06.587Z,us7000ajn0,4.3,0,0,,,
2020-07-08T17:18:52.637Z,us7000ak85,4.5,0,0,,,
2020-07-08T17:50:47.061Z,us7000ak9g,4.4,0,0,,,
2020-07-08T21:05:30.164Z,us7000ake3,4.6,0,0,,,
2020-07-09T02:55:01.994Z,us7000akj2,4.5,0,0,,,
2020-07-09T03:19:39.737Z,us7000apj2,4.6,0,0,,,
2020-07-09T05:14:02.010Z,us7000akjy,4.9,0,0,,,
2020-07-11T07:34:12.775Z,us7000aqbg,4.2,0,0,,,
2020-07-11T13:11:55.869Z,us7000aqbt,4.6,0,0,,,
2020-07-12T09:32:26.200Z,us7000am8y,4.9,0,0,,,
2020-07-13T01:42:49.713Z,us7000amj1,4.8,0,0,,,
2020-07-13T23:00:25.360Z,us7000arps,4.2,0,0,,,
2020-07-14T03:36:39.261Z,us7000asgt,4.3,0,0,,,
2020-07-14T08:46:00.468Z,us7000an9d,4.1,0,0,,,
2020-07-14T12:14:09.297Z,us7000ashc,4.1,0,0,,,
2020-07-14T13:21:08.093Z,us7000anbx,4.9,0,0,,,
2020-07-14T14:13:39.310Z,us7000anci,4.1,0,0,,,
2020-07-14T20:48:03.784Z,us7000asi0,4.3,0,0,,,
2020-07-16T16:33:26.041Z,us7000apr6,4.3,0,0,,,
2020-07-16T20:03:09.371Z,us7000apwb,5.1,0,0,,,
2020-07-16T20:22:11.495Z,us6000b2qm,4.2,0,0,,,
2020-07-16T20:26:19.845Z,us6000b2qn,4.4,0,0,,,
2020-07-17T04:49:34.992Z,us7000aq5d,4.5,0,0,,,
2020-07-17T06:10:47.064Z,us7000aq5u,5,0,0,,,
2020-07-19T07:44:51.837Z,us7000ar5x,4.4,0,0,,,
2020-07-19T12:01:32.207Z,us7000ar86,4.3,0,0,,,
2020-07-19T18:02:44.689Z,us7000arac,4.7,0,0,,,
2020-07-19T19:14:52.372Z,us7000arau,3.9,0,0,,,
2020-07-20T10:32:46.438Z,us6000b3hx,4.4,0,0,,,
2020-07-21T08:54:25.504Z,us7000as7e,4.8,0,0,,,
2020-07-23T13:19:08.245Z,us6000b2mz,4.6,0,0,,,
2020-07-24T01:36:08.879Z,us6000b66j,4.4,0,0,,,
2020-07-24T19:51:33.406Z,us6000b3nx,4.2,0,0,,,
2020-07-25T00:17:02.838Z,us6000b6n8,4.5,0,0,,,
2020-07-25T10:39:40.390Z,us6000b3y8,4.2,0,0,,,
2020-07-25T12:25:53.126Z,us6000b3zu,4.8,0,0,,,
2020-07-26T16:32:20.975Z,us6000b6t7,4.1,0,0,,,
2020-07-26T21:13:09.499Z,us6000b4he,4.6,0,0,,,
2020-07-26T21:31:53.681Z,us6000b6tj,4.6,0,0,,,
2020-07-27T01:12:43.648Z,us6000b4ja,4.6,0,0,,,
2020-07-28T04:22:21.601Z,us6000b54t,4.4,0,0,,,
2020-07-28T10:46:31.834Z,us6000b8s1,4.4,0,0,,,
2020-07-28T20:16:24.562Z,us6000b8sg,4.2,0,0,,,
2020-07-28T20:33:26.070Z,us6000b5lm,4.6,0,0,,,
2020-07-29T02:35:24.506Z,us6000b5t0,4.1,0,0,,,
2020-07-29T14:14:22.816Z,us6000b63q,4.4,0,0,,,
2020-07-29T14:20:23.395Z,us6000b98i,4.2,0,0,,,
2020-07-29T16:19:40.100Z,us6000b989,4.3,0,0,,,
2020-07-30T00:35:56.884Z,us6000b6i4,5.8,0,0,,,
2020-07-30T06:55:59.405Z,us6000b6l2,4.7,0,0,,,
2020-07-31T05:16:29.362Z,us6000b7a6,4.9,0,0,,,
2020-07-31T08:37:46.279Z,us6000b7cb,4.7,0,0,,,
2020-07-31T13:57:35.143Z,us6000b7f4,4.2,0,0,,,
2020-07-31T17:55:55.734Z,us6000b7j9,4.5,0,0,,,
2020-08-01T03:15:07.543Z,us6000b7ss,4.3,0,0,,,
2020-08-02T15:04:43.860Z,us6000bahh,4.4,0,0,,,
2020-08-02T16:49:00.621Z,us6000bai4,4.5,0,0,,,
2020-08-04T11:21:36.914Z,us6000b94h,5,0,0,,,
2020-08-04T14:03:05.103Z,us6000bbyj,4.4,0,0,,,
2020-08-05T14:44:40.964Z,us6000bcpx,3.7,0,0,,,
2020-08-05T15:12:20.708Z,us6000b9pp,4.6,0,0,,,
2020-08-05T17:54:02.336Z,us6000b9t8,5.3,0,0,,,
2020-08-05T18:53:03.540Z,us6000bcpb,4.2,0,0,,,
2020-08-05T19:39:54.979Z,us6000bcpd,4.3,0,0,,,
2020-08-06T01:07:12.764Z,us6000bdby,4.6,0,0,,,
2020-08-06T03:06:33.732Z,us6000b9yh,5.1,0,0,,,
2020-08-06T15:34:44.170Z,us6000ba64,5.2,0,0,,,
2020-08-08T01:39:54.062Z,us6000be2q,4.2,0,0,,,
2020-08-08T08:36:59.877Z,us6000bb1p,4.4,0,0,,,
2020-08-09T05:30:31.391Z,us6000bbbv,4.5,0,0,,,
2020-08-09T07:20:44.439Z,us6000ben3,4.5,0,0,,,
2020-08-09T12:54:34.382Z,us6000bbhd,4.5,0,0,,,
2020-08-10T00:24:41.798Z,us6000bbnc,4.6,0,0,,,
2020-08-10T05:32:10.219Z,us6000bery,4.2,0,0,,,
2020-08-11T07:20:12.345Z,us6000bcii,4.3,0,0,,,
2020-08-11T13:36:58.190Z,us6000bg1d,4.4,0,0,,,
2020-08-12T05:41:41.809Z,us6000bd51,4.4,0,0,,,
2020-08-12T10:02:54.812Z,us6000bd73,4.3,0,0,,,
2020-08-12T23:17:49.160Z,us6000bgkh,4.1,0,0,,,
2020-08-12T23:23:53.544Z,us6000bdqr,4.4,0,0,,,
2020-08-12T23:31:57.185Z,us6000bdr0,4.6,0,0,,,
2020-08-13T01:14:17.385Z,us6000bh4v,4.3,0,0,,,
2020-08-13T01:31:57.754Z,us6000bh4w,4.4,0,0,,,
2020-08-13T01:35:29.401Z,us6000bds7,4.5,0,0,,,
2020-08-13T02:32:44.583Z,us6000bh4y,4.3,0,0,,,
2020-08-13T02:35:33.948Z,us6000bdsm,4.6,0,0,,,
2020-08-15T08:10:25.594Z,us6000bhqq,4.4,0,0,,,
2020-08-17T21:54:58.394Z,us6000bigm,4.1,0,0,,,
2020-08-17T23:06:56.992Z,us6000bigr,4.4,0,0,,,
2020-08-18T09:05:35.329Z,us6000bgft,4.6,0,0,,,
2020-08-19T22:37:44.006Z,us6000bhgg,4,0,0,,,
2020-08-20T00:28:25.486Z,us7000bdlu,4.2,0,0,,,
2020-08-20T00:38:31.478Z,us7000bdmk,4.1,0,0,,,
2020-08-20T19:51:39.579Z,us6000bhxe,4.6,0,0,,,
2020-08-21T14:38:53.429Z,us7000bdrs,4,0,0,,,
2020-08-21T20:36:37.107Z,us7000bdrw,4.1,0,0,,,
2020-08-22T10:31:22.685Z,us6000bj00,5.2,0,0,,,
2020-08-24T19:44:26.320Z,us7000beci,4.1,0,0,,,
2020-08-25T03:39:13.668Z,us7000bfar,4.6,0,0,,,
2020-08-25T14:23:42.977Z,us7000bfax,4.1,0,0,,,
2020-08-26T13:31:49.422Z,us7000bfu8,4.4,0,0,,,
2020-08-27T00:48:42.860Z,us7000bdi6,4.5,0,0,,,
2020-08-27T03:41:52.215Z,us7000bgfh,4.5,0,0,,,
2020-08-27T08:08:25.118Z,us7000bgfn,4.5,0,0,,,
2020-08-27T14:14:52.342Z,us7000bdr4,4.8,0,0,,,
2020-08-27T18:20:19.183Z,us7000bgg5,4.3,0,0,,,
2020-08-29T11:55:38.714Z,us7000besg,4.4,0,0,,,
2020-08-29T22:08:21.376Z,us7000bh34,4.4,0,0,,,
2020-08-30T05:37:44.001Z,us7000beye,4.5,0,0,,,
2020-08-30T07:06:30.573Z,us7000bh56,4.5,0,0,,,
2020-08-30T12:51:03.369Z,us7000bf10,4,0,0,,,
2020-08-30T16:54:37.846Z,us7000bh5p,4.5,0,0,,,
2020-09-01T04:37:08.918Z,us7000bhtz,4.8,0,0,,,
2020-09-01T17:49:57.974Z,us7000bfyn,4.5,0,0,,,
2020-09-02T09:07:23.441Z,us7000bjnl,4.6,0,0,,,
2020-09-02T10:35:44.364Z,us7000bgh8,5,0,0,,,
2020-09-03T03:04:50.457Z,us7000bk8i,4.2,0,0,,,
2020-09-03T21:45:09.203Z,us7000bhhw,5.3,0,0,,,
2020-09-04T00:10:54.391Z,us7000bhk5,4.6,0,0,,,
2020-09-04T02:22:03.751Z,us7000bkx8,4.1,0,0,,,
2020-09-04T09:33:31.481Z,us7000bkxz,4.5,0,0,,,
2020-09-04T16:42:38.032Z,us7000bkxq,4.6,0,0,,,
2020-09-05T01:34:35.934Z,us7000bi8d,4.4,0,0,,,
2020-09-05T03:11:52.083Z,us7000bl10,4.2,0,0,,,
2020-09-05T12:06:51.605Z,us7000bifw,4.5,0,0,,,
2020-09-06T05:50:45.929Z,us7000bitz,4.3,0,0,,,
2020-09-06T21:33:49.084Z,us7000bj2h,5.1,0,0,,,
2020-09-06T23:49:38.198Z,us7000bj3j,4.4,0,0,,,
2020-09-06T23:52:55.923Z,us7000bj3l,4.5,0,0,,,
2020-09-07T01:19:25.234Z,us7000bj4c,4.3,0,0,,,
2020-09-07T01:45:54.326Z,us7000blt8,4.6,0,0,,,
2020-09-07T03:30:38.532Z,us7000blsg,4.4,0,0,,,
2020-09-07T09:53:29.678Z,us7000blst,4.3,0,0,,,
2020-09-08T13:01:20.947Z,us7000blvq,4.8,0,0,,,
2020-09-09T02:45:27.681Z,us7000bn27,4.2,0,0,,,
2020-09-11T02:09:42.773Z,us7000bnyk,4.2,0,0,,,
2020-09-11T02:13:19.421Z,us7000blkf,4.4,0,0,,,
2020-09-11T21:08:22.246Z,us7000bm53,4.4,0,0,,,
2020-09-11T22:13:55.059Z,us7000bnzh,5,0,0,,,
2020-09-12T02:38:00.472Z,us7000bpd9,4.4,1,1,6.1,2020-09-12T02:44:11.224Z,us7000bm9m
2020-09-12T02:44:11.224Z,us7000bm9m,6.1,0,0,,,
2020-09-12T02:50:43.442Z,us7000bm9p,5,0,0,,,
2020-09-12T03:02:52.861Z,us7000bpdc,4.2,0,0,,,
2020-09-12T03:49:05.223Z,us7000bma2,4.5,0,0,,,
2020-09-12T17:45:52.485Z,us7000bpdw,4.2,0,0,,,
2020-09-12T20:29:36.561Z,us7000bpe0,4.2,0,0,,,
2020-09-12T23:42:29.667Z,us7000bpe1,4.2,0,0,,,
2020-09-13T00:14:10.432Z,us7000bmki,4.5,0,0,,,
2020-09-13T01:22:25.768Z,us7000bmkz,4.7,0,0,,,
2020-09-13T10:44:43.323Z,us7000bmne,4.8,0,0,,,
2020-09-13T13:26:47.773Z,us7000bmpv,4.3,0,0,,,
2020-09-13T21:24:58.029Z,us7000bpgb,4.1,0,0,,,
2020-09-15T06:07:00.623Z,us7000bneq,4.6,0,0,,,
2020-09-16T19:04:50.947Z,us7000bp37,4.3,0,0,,,
2020-09-16T22:41:30.502Z,us6000bzlp,4.3,0,0,,,
2020-09-17T00:18:01.991Z,us7000bp7n,4.7,0,0,,,
2020-09-17T05:00:38.818Z,us7000bp9m,4.6,0,0,,,
2020-09-18T07:47:16.248Z,us6000c03w,4.6,0,0,,,
2020-09-18T12:04:30.716Z,us6000c048,4.3,0,0,,,
2020-09-19T05:24:40.367Z,us7000bq4q,4.4,0,0,,,
2020-09-20T00:04:48.825Z,us7000bqc1,4.7,0,0,,,
2020-09-20T10:48:34.862Z,us7000bqgi,4.8,0,0,,,
2020-09-21T10:28:39.760Z,us6000c14q,4.6,0,0,,,
2020-09-21T13:15:17.723Z,us7000bqr1,4.6,0,0,,,
2020-09-23T02:07:49.923Z,us6000c2j3,4.3,0,0,,,
2020-09-23T17:17:58.634Z,us6000c2jn,4.2,0,0,,,
2020-09-24T14:28:09.186Z,us6000c0jq,4.1,0,0,,,
2020-09-25T16:46:45.610Z,us6000c1a3,4.8,0,0,,,
2020-09-25T19:57:04.752Z,us6000c1id,4.5,0,0,,,
2020-09-26T15:36:35.042Z,us6000c1mq,4.5,0,0,,,
2020-09-27T04:13:41.993Z,us6000c1tl,4.9,0,0,,,
2020-09-28T04:02:56.959Z,us6000c4qm,4.1,0,0,,,
2020-09-30T13:58:44.756Z,us6000c356,4.8,0,0,,,
2020-10-02T23:37:51.845Z,us6000c6py,4.6,0,0,,,
2020-10-03T09:31:31.262Z,us6000c54x,5.8,0,0,,,
2020-10-03T12:55:40.294Z,us6000c6qp,4.3,0,0,,,
2020-10-04T11:22:26.138Z,us6000c6t5,4,0,0,,,
2020-10-04T22:19:02.030Z,us6000c6tj,4.5,0,0,,,
2020-10-05T02:32:24.532Z,us6000c5l1,4.9,0,0,,,
2020-10-05T14:01:16.485Z,us6000c5pr,4.7,0,0,,,
2020-10-06T06:27:35.081Z,us6000c5zw,4.6,0,0,,,
2020-10-06T23:02:06.949Z,us6000c68f,4.6,0,0,,,
2020-10-08T01:22:27.690Z,us6000c811,4.1,0,0,,,
2020-10-08T09:50:44.143Z,us6000c816,4.1,0,0,,,
2020-10-11T04:01:57.422Z,us6000c7g1,4,0,0,,,
2020-10-11T04:30:20.412Z,us6000c8j7,4.4,0,0,,,
2020-10-11T04:56:53.073Z,us6000c7h1,4,0,0,,,
2020-10-11T13:58:42.930Z,us6000c7jx,4.5,0,0,,,
2020-10-13T13:16:03.261Z,us6000c806,4.8,0,0,,,
2020-10-14T03:30:47.017Z,us6000c9y3,4.1,0,0,,,
2020-10-14T10:42:36.781Z,us6000c87x,4.4,0,0,,,
2020-10-15T01:05:42.778Z,us6000cakl,4.2,0,0,,,
2020-10-15T12:54:49.644Z,us6000cal5,4.4,0,0,,,
2020-10-15T15:20:05.212Z,us6000c8jp,4,0,0,,,
2020-10-15T23:03:57.094Z,us6000cal1,4.3,0,0,,,
2020-10-17T12:33:41.692Z,us6000cbbv,4.5,0,0,,,
2020-10-18T00:05:56.140Z,us6000cbg7,4,0,0,,,
2020-10-18T12:23:33.007Z,us6000c96m,4.4,0,0,,,
2020-10-19T03:40:04.732Z,us6000cc1t,4.3,0,0,,,
2020-10-22T06:21:22.806Z,us7000c70m,4.6,0,0,,,
2020-10-24T01:33:43.454Z,us7000c7il,4.1,0,0,,,
2020-10-25T15:12:57.567Z,us6000cd0n,4.5,0,0,,,
2020-10-25T21:18:45.156Z,us6000cd2j,4.5,0,0,,,
2020-10-25T21:34:59.005Z,us6000cd2u,3.9,0,0,,,
2020-10-26T02:14:01.372Z,us6000cd55,4.2,0,0,,,
2020-10-27T03:44:25.257Z,us7000c82f,4.4,0,0,,,
2020-10-27T07:01:14.293Z,us6000cdmw,4.6,0,0,,,
2020-10-28T06:58:31.256Z,us7000c6n5,4.8,0,0,,,
2020-10-28T11:38:32.924Z,us7000c9rt,4.6,0,0,,,
2020-10-28T12:23:38.579Z,us7000c6qs,4.2,0,0,,,
2020-10-29T15:18:50.865Z,us7000ca8q,4.4,0,0,,,
2020-10-29T19:56:22.283Z,us7000ca8m,4.5,0,0,,,
2020-10-30T05:12:31.948Z,us7000c7vc,4.3,0,0,,,
2020-11-02T13:24:55.846Z,us7000cbd9,4.2,0,0,,,
2020-11-02T20:18:17.569Z,us7000c9el,4.2,0,0,,,
2020-11-05T11:05:58.237Z,us7000ccvq,4.3,0,0,,,
2020-11-05T19:42:49.565Z,us7000ccw9,4.3,0,0,,,
2020-11-06T08:56:38.063Z,us7000cb99,5.5,0,0,,,
2020-11-06T09:11:16.790Z,us7000cdaq,4.6,0,0,,,
2020-11-06T09:17:04.530Z,us7000cb9j,5,0,0,,,
2020-11-06T14:45:06.537Z,us7000cdau,4.3,0,0,,,
2020-11-06T16:14:23.603Z,us7000cbdp,4.6,0,0,,,
2020-11-06T17:16:54.730Z,us7000cbfp,5.2,0,0,,,
2020-11-06T18:40:36.673Z,us7000cdb8,4.4,0,0,,,
2020-11-07T08:06:55.133Z,us7000cbqq,4.7,0,0,,,
2020-11-07T10:30:30.182Z,us7000cdfw,4.5,0,0,,,
2020-11-07T21:30:44.700Z,us7000cbxf,5.2,0,0,,,
2020-11-08T02:59:33.536Z,us7000cbzu,4.6,0,0,,,
2020-11-09T00:39:57.223Z,us7000ce8r,4.3,0,0,,,
2020-11-09T03:50:51.074Z,us7000ce91,4.2,0,0,,,
2020-11-09T19:59:27.698Z,us7000ce9p,4.1,0,0,,,
2020-11-10T22:54:17.127Z,us7000cehv,4.2,0,0,,,
2020-11-11T12:55:20.550Z,us7000cfmj,4.3,0,0,,,
2020-11-12T04:12:46.666Z,us7000cg4i,4.2,0,0,,,
2020-11-14T18:27:46.123Z,us6000cpv4,4.3,0,0,,,
2020-11-17T01:22:10.897Z,us6000cqrv,4.7,0,0,,,
2020-11-18T01:00:45.231Z,us6000cpp2,5.1,0,0,,,
2020-11-18T14:23:22.834Z,us6000cqui,4.3,0,0,,,
2020-11-18T23:21:32.625Z,us6000cq57,4.4,0,0,,,
2020-11-19T17:21:09.133Z,us6000cqg2,4.2,0,0,,,
2020-11-20T02:07:44.851Z,us6000cqm9,4.6,0,0,,,
2020-11-20T18:01:26.356Z,us6000cqy3,4.9,0,0,,,
2020-11-20T22:20:45.776Z,us6000cr2j,4.6,0,0,,,
2020-11-21T14:45:40.030Z,us6000csey,4.3,0,0,,,
2020-11-21T20:05:59.279Z,us6000csf8,4,0,0,,,
2020-11-22T10:05:53.849Z,us6000crfr,5.5,0,0,,,
2020-11-22T16:43:27.734Z,us6000crh8,4.8,0,0,,,
2020-11-22T16:53:53.278Z,us6000csjh,4.4,0,0,,,
2020-11-22T17:57:39.240Z,us6000crhk,4.4,0,0,,,
2020-11-22T18:24:43.770Z,us6000crhu,4.6,0,0,,,
2020-11-23T19:54:35.322Z,us7000ck3h,4.4,0,0,,,
2020-11-24T22:17:38.082Z,us6000cs8k,4.5,0,0,,,
2020-11-25T02:20:19.004Z,us6000csbg,4.3,0,0,,,
2020-11-25T16:57:23.212Z,us6000csk9,4.3,0,0,,,
2020-11-26T19:31:36.382Z,us7000cl7i,4.5,0,0,,,
2020-11-26T20:54:26.896Z,us7000ck4v,4.5,0,0,,,
2020-11-27T11:52:01.506Z,us7000ckbr,4,0,0,,,
2020-11-29T12:41:34.489Z,us7000cmng,4.6,0,0,,,
2020-11-29T15:40:20.740Z,us7000cmnj,4.5,0,0,,,
2020-11-30T01:34:06.851Z,us7000cmkx,4.3,0,0,,,
2020-12-01T17:11:56.402Z,us7000clqp,4.5,0,0,,,
2020-12-03T14:46:16.934Z,us7000cmjs,4.1,0,0,,,
2020-12-05T04:57:44.619Z,us7000cnb3,4.6,0,0,,,
2020-12-05T05:59:39.837Z,us7000cnc6,4.2,0,0,,,
2020-12-06T04:06:50.698Z,us7000cnk2,4.9,0,0,,,
2020-12-06T16:06:48.686Z,us7000cnpk,4.4,0,0,,,
2020-12-06T16:08:47.232Z,us7000cnnv,4.9,0,0,,,
2020-12-07T10:27:44.555Z,us7000cnt8,4.3,0,0,,,
2020-12-08T12:50:03.038Z,us7000cp57,4.4,0,0,,,
2020-12-09T07:40:25.676Z,us7000cpel,4.3,0,0,,,
2020-12-12T07:18:54.231Z,us7000cqhy,5.5,0,0,,,
2020-12-12T23:49:38.281Z,us7000crmq,4,0,0,,,
2020-12-14T13:47:06.555Z,us7000cs3y,4.7,0,0,,,
2020-12-15T15:35:15.420Z,us7000cr9c,4.9,0,0,,,
2020-12-16T01:28:07.061Z,us7000crev,5,0,0,,,
2020-12-16T23:18:19.904Z,us7000crpk,4.1,0,0,,,
2020-12-17T07:42:44.372Z,us7000crrn,4.6,0,0,,,
2020-12-17T23:03:11.288Z,us7000crz4,4.3,0,0,,,
2020-12-18T09:09:56.345Z,us7000cs2s,4.9,0,0,,,
2020-12-18T11:36:33.614Z,us7000cs4j,4.8,0,0,,,
2020-12-18T23:20:06.813Z,us6000d1x8,4.2,0,0,,,
2020-12-19T05:02:10.647Z,us7000csby,4.7,0,0,,,
2020-12-20T01:54:23.613Z,us7000csk5,4.9,0,0,,,
2020-12-20T09:35:47.877Z,us7000csn1,4.9,0,0,,,
2020-12-20T16:25:21.019Z,us7000csq8,4.6,1,1,6.3,2020-12-20T17:23:22.668Z,us7000csqe
2020-12-20T17:23:22.668Z,us7000csqe,6.3,0,0,,,
2020-12-22T16:35:34.544Z,us6000d5i0,4.1,0,0,,,
2020-12-22T17:04:07.714Z,us6000d1xr,4.8,0,0,,,
2020-12-22T22:45:01.658Z,us6000d1zs,4.6,0,0,,,
2020-12-23T23:33:23.383Z,us6000d5sc,4.3,0,0,,,
2020-12-24T16:35:42.635Z,us6000d2lg,4.4,0,0,,,
2020-12-24T19:40:08.521Z,us6000d2ny,4.6,0,0,,,
2020-12-24T20:38:30.311Z,us6000d2pk,4.9,0,0,,,
2020-12-24T21:27:25.101Z,us6000d2q4,4.4,0,0,,,
2020-12-25T21:32:37.672Z,us6000d31c,4.3,0,0,,,
2020-12-26T07:03:41.114Z,us6000d35h,4.6,0,0,,,
2020-12-26T19:42:58.426Z,us6000d399,4.5,0,0,,,
2020-12-26T20:56:27.334Z,us6000d65g,4.3,0,0,,,
2020-12-28T12:26:35.582Z,us6000d3nd,4,0,0,,,
2020-12-28T16:15:23.712Z,us6000d3q2,4.4,0,0,,,
2020-12-28T19:23:21.550Z,us6000d3r7,4.7,0,0,,,
2020-12-29T08:08:50.773Z,us6000d6q5,4.5,0,0,,,
2020-12-30T00:35:27.718Z,us6000d45q,5,0,0,,,
2020-12-31T01:16:26.726Z,us6000d7g5,4.4,0,0,,,
2020-12-31T03:42:24.368Z,us6000d4h8,4.2,0,0,,,
2020-12-31T16:53:35.980Z,us6000d4kf,4.9,0,0,,,
2021-01-01T01:50:51.107Z,us6000d7q2,4.4,0,0,,,
2021-01-02T00:45:00.272Z,us6000d4wh,4.6,0,0,,,
2021-01-02T13:36:03.744Z,us6000d50s,4,0,0,,,
2021-01-03T14:14:54.692Z,us6000d59h,4.1,0,0,,,
2021-01-05T02:16:14.914Z,us7000d09x,4.5,0,0,,,
2021-01-05T02:53:57.780Z,us7000d09e,4.1,0,0,,,
2021-01-05T21:02:41.764Z,us7000d09t,4.1,0,0,,,
2021-01-06T03:23:07.839Z,us6000d5za,4.8,0,0,,,
2021-01-06T19:13:29.760Z,us6000d68y,4.9,0,0,,,
2021-01-08T06:04:15.262Z,us6000d6n9,3.9,0,0,,,
2021-01-08T07:42:16.191Z,us7000d133,4.1,0,0,,,
2021-01-08T15:04:44.285Z,us6000d6ri,4.4,0,0,,,
2021-01-08T19:49:35.314Z,us6000d6uj,4.3,0,0,,,
2021-01-08T21:51:00.334Z,us6000d6vi,4.4,0,0,,,
2021-01-09T05:36:33.842Z,us6000d6yj,4.6,0,0,,,
2021-01-10T06:38:19.291Z,us6000d75y,4.5,0,0,,,
2021-01-11T23:30:16.441Z,us7000d1r5,4.5,0,0,,,
2021-01-12T02:39:43.421Z,us6000d7ml,5.9,0,0,,,
2021-01-12T03:56:03.027Z,us6000d7mx,4.2,0,0,,,
2021-01-12T08:42:47.715Z,us6000d7nr,4.1,0,0,,,
2021-01-14T06:27:56.635Z,us7000d2du,4.4,0,0,,,
2021-01-14T11:17:04.279Z,us6000d88r,4.1,0,0,,,
2021-01-14T19:34:56.515Z,us7000d2eb,4.2,0,0,,,
2021-01-15T08:40:06.403Z,us7000d09q,4.8,0,0,,,
2021-01-15T13:38:19.475Z,us7000d0bx,5.2,0,0,,,
2021-01-15T20:10:12.132Z,us7000d0fs,4.3,0,0,,,
2021-01-16T08:08:36.282Z,us7000d0m1,4.6,0,0,,,
2021-01-16T09:43:14.629Z,us7000d0mi,4.3,0,0,,,
2021-01-17T01:11:55.998Z,us7000d0rd,4.4,0,0,,,
2021-01-18T00:29:29.972Z,us7000d3ny,4.2,0,0,,,
2021-01-18T02:05:54.154Z,us7000d10h,4.8,0,0,,,
2021-01-18T17:12:14.951Z,us7000d3pm,4.6,0,0,,,
2021-01-18T20:14:51.977Z,us7000d3px,4.4,0,0,,,
2021-01-18T20:47:32.720Z,us7000d177,4.4,0,0,,,
2021-01-19T23:11:37.020Z,us7000d3r4,4.4,0,0,,,
2021-01-21T03:04:04.243Z,us6000dcv1,4.5,0,0,,,
2021-01-21T06:14:21.694Z,us6000dcv8,4.1,0,0,,,
2021-01-21T22:04:24.006Z,us7000d28g,4.4,0,0,,,
2021-01-22T16:03:58.957Z,us7000d2ew,4.6,0,0,,,
2021-01-23T05:39:18.366Z,us7000d2m3,5,0,0,,,
2021-01-23T09:20:29.624Z,us6000dd0j,4.3,0,0,,,
2021-01-23T11:19:03.219Z,us7000d2nn,4.4,0,0,,,
2021-01-23T11:56:00.239Z,us7000d2ns,4.4,0,0,,,
2021-01-23T13:12:10.280Z,us7000d2p7,4.7,0,0,,,
2021-01-23T20:52:52.151Z,us6000dd0t,4.3,0,0,,,
2021-01-24T18:24:03.732Z,us7000d2y6,4.9,0,0,,,
2021-01-25T14:09:07.775Z,us7000d34t,4.3,0,0,,,
2021-01-25T23:25:21.091Z,us7000d3a2,4.6,0,0,,,
2021-01-26T14:28:41.282Z,us7000d3f4,4.3,0,0,,,
2021-01-27T05:06:53.279Z,us7000d3l5,5.2,0,0,,,
2021-01-27T09:25:58.081Z,us6000deeq,4.5,0,0,,,
2021-01-27T14:27:38.973Z,us7000d3q6,4.6,0,0,,,
2021-01-28T02:07:08.504Z,us6000demz,4,0,0,,,
2021-01-28T18:24:08.703Z,us6000dcpu,4.3,0,0,,,
2021-01-28T18:51:50.650Z,us6000dcq6,4.6,0,0,,,
2021-01-28T19:24:26.918Z,us6000dcqf,4.6,0,0,,,
2021-01-29T07:19:03.235Z,us6000dcub,4.1,0,0,,,
2021-02-01T08:34:45.955Z,us6000ddlg,4.6,0,0,,,
2021-02-03T06:47:03.579Z,us6000de45,4.1,0,0,,,
2021-02-04T03:40:12.820Z,us6000decf,4.2,0,0,,,
2021-02-04T05:10:11.854Z,us6000dgpj,4.2,0,0,,,
2021-02-04T19:27:37.027Z,us6000dehm,5,0,0,,,
2021-02-06T05:10:28.410Z,us6000df14,4.3,0,0,,,
2021-02-08T08:22:46.073Z,us6000dfj6,4.4,0,0,,,
2021-02-08T14:23:59.729Z,us6000dfl9,5,0,0,,,
2021-02-08T14:39:56.506Z,us6000dh3i,4.1,0,0,,,
2021-02-08T15:29:04.911Z,us6000dh3k,4.2,0,0,,,
2021-02-08T22:35:40.645Z,us6000dfqr,4.6,0,0,,,
2021-02-09T03:39:28.724Z,us6000dfsx,5,0,0,,,
2021-02-09T03:41:51.896Z,us6000di2s,4.4,0,0,,,
2021-02-09T04:48:20.571Z,us6000dftq,4.8,0,0,,,
2021-02-09T07:07:57.310Z,us6000dfuq,5.3,0,0,,,
2021-02-09T12:58:59.682Z,us6000di2g,4.4,0,0,,,
2021-02-10T15:24:09.187Z,us6000dga8,4.5,0,0,,,
2021-02-10T22:34:07.666Z,us6000dj29,4.3,0,0,,,
2021-02-11T03:39:52.546Z,us6000dj4c,4.3,0,0,,,
2021-02-11T16:45:25.617Z,us6000dgr0,4.1,0,0,,,
2021-02-12T02:15:11.274Z,us6000dgvc,4.2,0,0,,,
2021-02-12T04:52:25.972Z,us6000dgw1,4.9,0,0,,,
2021-02-13T01:25:17.977Z,us6000djcq,4.3,0,0,,,
2021-02-13T11:22:27.935Z,us6000dhd4,4.4,1,1,7.1,2021-02-13T14:07:49.797Z,us6000dher
2021-02-13T14:07:49.797Z,us6000dher,7.1,0,0,,,
2021-02-13T14:36:42.429Z,us6000dhey,4.7,0,0,,,
2021-02-13T14:51:05.324Z,us6000djdd,4.9,0,0,,,
2021-02-13T14:51:41.261Z,us6000dhf6,5.4,0,0,,,
2021-02-13T14:58:43.988Z,us6000djde,4.4,0,0,,,
2021-02-13T16:14:43.246Z,us6000dhfs,4.3,0,0,,,
2021-02-13T16:32:58.823Z,us6000dhg1,4.5,0,0,,,
2021-02-13T18:25:27.375Z,us6000dhgd,5.2,0,0,,,
2021-02-14T05:11:22.106Z,us6000dhiw,4.6,0,0,,,
2021-02-14T05:53:54.095Z,us6000dhj0,4.3,0,0,,,
2021-02-14T07:31:49.636Z,us6000dhjm,5.1,0,0,,,
2021-02-14T07:59:23.201Z,us6000dhjz,4.4,0,0,,,
2021-02-14T09:26:59.263Z,us6000dhkk,4.6,0,0,,,
2021-02-14T10:41:00.412Z,us6000djfc,4.2,0,0,,,
2021-02-15T04:28:17.554Z,us6000dhqr,4.4,0,0,,,
2021-02-15T11:27:18.743Z,us6000dht1,4.2,0,0,,,
2021-02-15T11:59:52.996Z,us6000dht2,4.4,0,0,,,
2021-02-15T12:26:03.969Z,us6000dht8,5.3,0,0,,,
2021-02-15T12:26:17.164Z,us6000dht9,5.4,0,0,,,
2021-02-16T13:59:32.696Z,us6000di31,4.3,0,0,,,
2021-02-16T22:07:22.425Z,us6000di6z,4.6,0,0,,,
2021-02-17T14:06:18.399Z,us6000dieb,4.6,0,0,,,
2021-02-17T18:58:30.336Z,us6000dkf3,4.2,0,0,,,
2021-02-18T06:02:43.005Z,us6000dil7,4.5,0,0,,,
2021-02-18T07:01:08.769Z,us6000dili,4.1,0,0,,,
2021-02-18T07:50:54.461Z,us6000dkpj,4.2,0,0,,,
2021-02-18T10:37:30.144Z,us6000dkpr,4.3,0,0,,,
2021-02-18T12:43:00.508Z,us6000dinf,4.3,0,0,,,
2021-02-19T01:07:11.219Z,us6000diux,4.8,0,0,,,
2021-02-19T09:11:09.870Z,us6000dkr5,4.8,0,0,,,
2021-02-19T16:16:27.337Z,us6000dixc,5,0,0,,,
2021-02-19T19:01:06.453Z,us6000dj64,4.5,0,0,,,
2021-02-19T23:53:53.099Z,us6000dks7,4.5,0,0,,,
2021-02-20T01:17:05.150Z,us6000djju,4.3,0,0,,,
2021-02-20T13:23:26.042Z,us6000djpj,4.9,0,0,,,
2021-02-21T00:57:36.850Z,us7000ddmd,4.5,0,0,,,
2021-02-22T01:55:57.145Z,us6000djzk,4.4,0,0,,,
2021-02-22T21:22:35.775Z,us6000dk87,4.4,0,0,,,
2021-02-24T22:26:15.168Z,us7000ddfu,4.9,0,0,,,
2021-02-26T04:04:24.748Z,us7000ddsn,4.6,0,0,,,
2021-02-26T10:18:29.863Z,us7000ddv1,4.4,0,0,,,
2021-02-26T11:31:35.595Z,us7000ddv8,4.6,0,0,,,
2021-02-26T14:54:17.772Z,us7000ddwv,4.4,0,0,,,
2021-02-26T15:33:28.071Z,us7000ddx9,4.6,0,0,,,
2021-02-26T17:03:48.931Z,us7000ddyy,4.6,0,0,,,
2021-02-28T14:30:15.934Z,us7000decy,5.1,0,0,,,
2021-02-28T14:31:56.903Z,us7000dfjx,4.6,0,0,,,
2021-02-28T16:12:05.392Z,us7000dedd,4.7,0,0,,,
2021-03-01T02:54:06.464Z,us7000degr,4.6,0,0,,,
2021-03-01T02:58:02.974Z,us7000dfzs,4.2,0,0,,,
2021-03-01T06:07:52.582Z,us7000dg0r,4.5,0,0,,,
2021-03-02T01:50:40.909Z,us7000dern,4.4,0,0,,,
2021-03-02T04:58:35.819Z,us7000dg2u,4.2,0,0,,,
2021-03-02T09:48:58.556Z,us7000dg21,4.3,0,0,,,
2021-03-02T21:22:46.301Z,us7000deyu,5.8,0,0,,,
2021-03-04T02:22:53.993Z,us7000dhpc,4.3,0,0,,,
2021-03-04T03:26:35.553Z,us7000dfbx,4.4,0,0,,,
2021-03-05T06:14:07.255Z,us7000dfvm,4.6,0,0,,,
2021-03-06T01:53:53.175Z,us7000dgar,4.3,0,0,,,
2021-03-06T14:01:50.617Z,us7000dgid,4.4,0,0,,,
2021-03-07T03:42:18.625Z,us7000dgql,4.2,0,0,,,
2021-03-07T12:44:28.043Z,us7000dgvn,4.2,0,0,,,
2021-03-07T14:21:25.394Z,us7000dgw4,4.5,0,0,,,
2021-03-08T05:58:28.144Z,us7000dh1h,4.4,0,0,,,
2021-03-08T14:36:06.067Z,us7000dh3t,4.6,0,0,,,
2021-03-08T23:30:00.089Z,us7000dh8b,4.9,0,0,,,
2021-03-09T00:27:00.076Z,us7000dh9q,4.6,0,0,,,
2021-03-10T02:19:55.876Z,us7000dhl2,4.4,0,0,,,
2021-03-10T05:51:00.340Z,us7000dhm1,4.3,0,0,,,
2021-03-10T15:36:58.099Z,us7000dhp6,4.3,0,0,,,
2021-03-11T23:54:06.033Z,us7000di9j,4.6,0,0,,,
2021-03-13T15:46:34.887Z,us6000dvqi,4.1,0,0,,,
2021-03-13T17:16:56.477Z,us7000dj4m,4.9,0,0,,,
2021-03-14T00:22:19.224Z,us7000dj6k,4.5,0,0,,,
2021-03-14T15:26:03.270Z,us7000djb8,4.7,0,0,,,
2021-03-15T19:56:17.642Z,us7000djl3,5,0,0,,,
2021-03-17T08:28:48.740Z,us7000dk52,5,0,0,,,
2021-03-20T00:26:26.019Z,us7000dl46,4.5,0,0,,,
2021-03-20T07:45:26.397Z,us6000dwry,4.1,1,1,7.0,2021-03-20T09:09:43.966Z,us7000dl6y
2021-03-20T09:09:43.966Z,us7000dl6y,7,0,0,,,
2021-03-20T09:34:58.676Z,us6000dwsl,4.6,0,0,,,
2021-03-20T16:03:54.015Z,us7000dl9a,4.9,0,0,,,
2021-03-20T16:41:17.388Z,us7000dl9f,4.3,0,0,,,
2021-03-20T19:33:39.515Z,us7000dla6,4.2,0,0,,,
2021-03-20T21:56:36.208Z,us7000dlb0,4.7,0,0,,,
2021-03-21T15:30:50.003Z,us7000dlgh,4.5,0,0,,,
2021-03-24T03:24:32.657Z,us6000dvy5,4.3,0,0,,,
2021-03-25T02:19:47.088Z,us6000dw7y,4,0,0,,,
2021-03-26T03:48:30.193Z,us6000dwjm,4.2,0,0,,,
2021-03-26T12:07:48.242Z,us6000dy90,4.2,0,0,,,
2021-03-28T00:26:55.783Z,us6000dx32,5.7,0,0,,,
2021-03-28T02:40:57.243Z,us6000dzfb,4.1,0,0,,,
2021-03-28T08:12:01.488Z,us6000dx4z,4.4,0,0,,,
2021-03-29T02:27:29.388Z,us6000dzmq,4.4,0,0,,,
2021-03-30T11:11:10.102Z,us6000dxks,4.6,0,0,,,
2021-03-31T23:07:45.952Z,us6000e01l,4.3,0,0,,,
2021-04-01T03:17:51.915Z,us6000dy3z,4.2,0,0,,,
2021-04-01T04:30:03.407Z,us6000dy4a,4.8,0,0,,,
2021-04-01T09:09:58.159Z,us6000e08z,4.2,0,0,,,
2021-04-01T21:51:16.138Z,us6000e09s,4.3,0,0,,,
2021-04-02T16:36:30.112Z,us6000dyk9,4.2,0,0,,,
2021-04-03T12:58:26.514Z,us6000dyr6,4.6,0,0,,,
2021-04-04T17:42:54.348Z,us6000e10c,4.4,0,0,,,
2021-04-04T21:21:57.582Z,us6000dz0r,4.5,0,0,,,
2021-04-05T00:31:48.113Z,us6000dz1a,4.6,0,0,,,
2021-04-06T09:11:52.468Z,us6000e1ht,4.1,0,0,,,
2021-04-06T16:44:15.647Z,us6000dzgz,4.6,0,0,,,
2021-04-06T20:10:34.121Z,us6000dzhz,4.2,0,0,,,
2021-04-07T10:01:40.049Z,us6000e1jc,4.4,0,0,,,
2021-04-08T22:03:30.312Z,us6000e1uh,4.4,0,0,,,
2021-04-09T08:54:08.298Z,us6000e08k,4.3,0,0,,,
2021-04-09T16:59:34.493Z,us6000e0ev,4.3,0,0,,,
2021-04-09T17:32:39.741Z,us6000e1v7,4.4,0,0,,,
2021-04-10T20:01:16.944Z,us6000e0nx,4.7,0,0,,,
2021-04-11T06:39:47.753Z,us6000e24z,4.2,0,0,,,
2021-04-11T18:59:30.889Z,us6000e25j,4.7,0,0,,,
2021-04-12T16:38:42.792Z,us6000e34s,4.2,0,0,,,
2021-04-13T07:54:17.708Z,us6000e15w,4.4,0,0,,,
2021-04-13T13:53:01.567Z,us6000e38g,4.3,0,0,,,
2021-04-14T03:27:44.575Z,us6000e1e0,4.4,0,0,,,
2021-04-14T10:02:52.076Z,us6000e1fu,4.3,0,0,,,
2021-04-14T23:44:17.928Z,us6000e1nv,4.2,0,0,,,
2021-04-15T11:23:50.095Z,us6000e1rm,4.3,0,0,,,
2021-04-15T20:23:25.160Z,us6000e1xi,4.1,0,0,,,
2021-04-15T20:47:55.006Z,us6000e1xl,4.4,0,0,,,
2021-04-16T11:51:37.879Z,us6000e21g,4.5,0,0,,,
2021-04-17T20:45:23.193Z,us6000e3qa,4.3,0,0,,,
2021-04-18T00:29:11.489Z,us6000e2hf,5.6,1,1,5.6,2021-04-18T00:29:25.096Z,us6000e2hq
2021-04-18T00:29:25.096Z,us6000e2hq,5.6,0,0,,,
2021-04-19T04:06:21.751Z,us6000e2sm,4.9,0,0,,,
2021-04-19T06:31:36.383Z,us6000e2td,4.3,0,0,,,
2021-04-19T10:22:31.956Z,us6000e2up,4.3,0,0,,,
2021-04-19T18:10:17.998Z,us6000e2xw,4.3,0,0,,,
2021-04-20T17:39:58.443Z,us6000e3al,4.8,0,0,,,
2021-04-21T19:04:29.850Z,us7000dxxi,4.2,0,0,,,
2021-04-22T14:11:44.560Z,us6000e3ns,4.1,0,0,,,
2021-04-23T02:19:31.571Z,us6000e3uf,4.6,0,0,,,
2021-04-23T05:12:23.842Z,us6000e3vj,4.3,0,0,,,
2021-04-23T07:26:37.167Z,us6000e3wd,4.5,0,0,,,
2021-04-23T15:16:26.084Z,us6000e41t,4.4,0,0,,,
2021-04-24T02:44:31.569Z,us6000e48h,4.3,0,0,,,
2021-04-24T04:57:25.668Z,us7000dyl7,4.2,0,0,,,
2021-04-24T08:59:01.389Z,us7000dyl5,4.3,0,0,,,
2021-04-24T09:35:13.093Z,us7000dyl6,4.6,0,0,,,
2021-04-26T11:12:06.682Z,us6000e4xh,4.3,0,0,,,
2021-04-28T00:05:02.266Z,us7000dy26,4.1,0,0,,,
2021-04-29T00:12:54.223Z,us7000dydi,4.4,0,0,,,
2021-04-29T06:42:32.468Z,us7000e0qi,4,0,0,,,
2021-04-29T12:47:40.049Z,us7000e0q6,4.1,0,0,,,
2021-04-29T15:39:38.412Z,us7000dymb,4.2,0,0,,,
2021-04-30T17:45:42.100Z,us7000dz29,4.4,0,0,,,
2021-04-30T23:10:45.809Z,us7000e0r9,4.1,1,1,6.9,2021-05-01T01:27:27.215Z,us7000dz5t
2021-05-01T00:10:06.961Z,us7000dz5f,4.5,1,1,6.9,2021-05-01T01:27:27.215Z,us7000dz5t
2021-05-01T01:27:27.215Z,us7000dz5t,6.9,0,0,,,
2021-05-02T11:06:32.958Z,us7000e125,4,0,0,,,
2021-05-02T22:11:03.065Z,us7000e12i,4.1,0,0,,,
2021-05-02T23:00:37.614Z,us7000dzkn,4.4,0,0,,,
2021-05-03T07:55:03.553Z,us7000e1tc,4.6,0,0,,,
2021-05-04T18:10:43.134Z,us7000e03w,5,0,0,,,
2021-05-04T19:32:59.763Z,us7000e04g,4.8,0,0,,,
2021-05-04T22:28:10.039Z,us7000e06e,4.3,0,0,,,
2021-05-05T07:42:34.612Z,us7000e09t,4.6,0,0,,,
2021-05-06T00:16:50.920Z,us7000e2db,4.4,0,0,,,
2021-05-06T15:15:14.221Z,us7000e0nu,4.3,0,0,,,
2021-05-06T22:11:46.395Z,us7000e2e0,4.3,0,0,,,
2021-05-08T04:19:07.784Z,us7000e196,5.1,0,0,,,
2021-05-08T05:38:28.894Z,us7000e19f,4.2,0,0,,,
2021-05-08T11:52:42.596Z,us7000e324,4.6,0,0,,,
2021-05-08T12:07:39.282Z,us7000e1bq,4.7,0,0,,,
2021-05-08T16:57:29.000Z,us7000e1dk,4.4,0,0,,,
2021-05-09T04:19:59.886Z,us7000e331,4.2,0,0,,,
2021-05-10T00:39:52.811Z,us7000e1p5,4.5,0,0,,,
2021-05-10T15:47:04.171Z,us7000e1u4,4.3,0,0,,,
2021-05-11T23:30:03.896Z,us7000e2bp,4.4,0,0,,,
2021-05-12T03:21:18.463Z,us7000e4dd,4,0,0,,,
2021-05-12T03:46:56.821Z,us7000e2ar,4.9,0,0,,,
2021-05-12T04:17:45.835Z,us7000e4de,4.4,0,0,,,
2021-05-13T16:43:56.455Z,us7000e2ue,5,0,0,,,
2021-05-13T23:58:14.041Z,us7000e2xd,6,0,0,,,
2021-05-14T00:23:23.178Z,us7000e2xx,4.4,0,0,,,
2021-05-14T09:37:59.501Z,us7000e311,4.4,0,0,,,
2021-05-14T11:46:50.006Z,us7000e31f,4.5,0,0,,,
2021-05-15T11:03:51.900Z,us7000e3da,4.7,0,0,,,
2021-05-15T20:19:40.331Z,us7000e4s4,4.3,0,0,,,
2021-05-15T22:19:06.956Z,us7000e4s5,4.1,0,0,,,
2021-05-16T03:23:53.371Z,us7000e3h1,5.7,0,0,,,
2021-05-16T05:07:12.406Z,us7000e3hj,4.4,0,0,,,
2021-05-16T05:18:00.911Z,us7000e3hl,4.1,0,0,,,
2021-05-16T06:41:10.574Z,us7000e3hs,4.5,0,0,,,
2021-05-16T08:52:28.631Z,us7000e3iq,4.3,0,0,,,
2021-05-17T15:49:04.200Z,us7000e3ug,4.1,0,0,,,
2021-05-17T23:58:39.695Z,us7000e3yq,4.3,0,0,,,
2021-05-18T15:48:33.391Z,us7000e449,4.7,0,0,,,
2021-05-18T18:07:33.480Z,us7000e5u1,4,0,0,,,
2021-05-18T21:40:10.905Z,us7000e5u8,4.3,0,0,,,
2021-05-19T10:21:42.652Z,us7000e4el,4.2,0,0,,,
2021-05-19T11:54:32.589Z,us7000e4f2,4.4,0,0,,,
2021-05-19T20:27:27.385Z,us7000e4k4,4.4,0,0,,,
2021-05-20T22:16:09.564Z,us6000eeuj,4.2,0,0,,,
2021-05-21T05:01:26.804Z,us7000e4z2,4.9,0,0,,,
2021-05-21T05:45:49.878Z,us6000ef2h,4.2,0,0,,,
2021-05-21T09:08:17.353Z,us6000ef2l,4.3,0,0,,,
2021-05-21T20:20:55.010Z,us6000ef3q,4.4,0,0,,,
2021-05-23T09:15:57.661Z,us6000efg4,4.4,0,0,,,
2021-05-23T16:27:33.038Z,us7000e5jq,4.4,0,0,,,
2021-05-23T19:09:17.202Z,us7000e5kx,4.6,0,0,,,
2021-05-24T03:52:16.913Z,us7000e5nn,4.7,0,0,,,
2021-05-24T03:59:56.620Z,us6000efi1,4.4,0,0,,,
2021-05-24T05:15:57.366Z,us6000efhr,4.1,0,0,,,
2021-05-24T11:42:41.356Z,us7000e5r9,4.3,0,0,,,
2021-05-24T14:16:40.940Z,us6000efij,4.5,0,0,,,
2021-05-24T16:19:19.697Z,us6000efig,4.4,0,0,,,
2021-05-25T10:46:54.488Z,us7000e62d,3.9,0,0,,,
2021-05-25T10:51:41.650Z,us6000efki,4.6,0,0,,,
2021-05-25T14:22:18.552Z,us6000efkc,4.3,0,0,,,
2021-05-25T23:57:40.624Z,us6000efkx,4.3,0,0,,,
2021-05-26T21:04:03.539Z,us6000eewe,4.8,0,0,,,
2021-05-27T07:37:01.187Z,us6000ef0l,4.6,0,0,,,
2021-05-28T01:05:46.951Z,us6000efbn,4.4,0,0,,,
2021-05-28T23:21:04.119Z,us6000efph,5.2,1,1,5.5,2021-05-29T01:02:41.087Z,us6000efq6
2021-05-29T00:04:50.026Z,us6000efpu,4.9,1,1,5.5,2021-05-29T01:02:41.087Z,us6000efq6
2021-05-29T00:42:52.476Z,us6000efq2,5,1,1,5.5,2021-05-29T01:02:41.087Z,us6000efq6
2021-05-29T01:02:41.087Z,us6000efq6,5.5,0,0,,,
2021-05-29T10:10:41.159Z,us6000efsy,4.9,0,0,,,
2021-05-29T15:30:23.979Z,us6000efub,4.4,0,0,,,
2021-05-30T15:21:11.283Z,us7000e9f3,4,0,0,,,
2021-05-30T19:19:49.518Z,us6000eg29,4.4,0,0,,,
2021-05-30T19:48:46.884Z,us6000eg2b,4.9,0,0,,,
2021-05-31T22:04:42.354Z,us6000egf2,5.2,0,0,,,
2021-06-01T04:43:06.666Z,us6000eghn,4.8,0,0,,,
2021-06-01T21:54:53.573Z,us6000egsm,4.6,0,0,,,
2021-06-01T23:05:22.786Z,us6000egt4,4.3,0,0,,,
2021-06-02T03:36:19.136Z,us7000ear8,4.5,0,0,,,
2021-06-02T09:14:57.640Z,us6000egwr,4.4,0,0,,,
2021-06-02T16:12:24.039Z,us7000earm,4.5,0,0,,,
2021-06-03T01:03:19.044Z,us7000eb65,4.3,0,0,,,
2021-06-04T05:41:17.767Z,us7000ebhr,4.4,0,0,,,
2021-06-05T23:23:31.780Z,us7000ea7x,4.3,0,0,,,
2021-06-06T14:55:08.996Z,us7000ebsv,4.3,0,0,,,
2021-06-06T15:59:22.299Z,us7000ebsw,4.5,0,0,,,
2021-06-06T18:11:07.095Z,us7000eai8,5,0,0,,,
2021-06-07T02:11:32.633Z,us7000ealb,4.4,0,0,,,
2021-06-07T08:15:17.003Z,us7000ec2y,4.3,0,0,,,
2021-06-07T16:14:04.194Z,us7000ec3a,4.2,0,0,,,
2021-06-08T01:19:15.059Z,us7000eays,4.8,0,0,,,
2021-06-08T15:29:01.059Z,us7000eb5e,5.3,0,0,,,
2021-06-08T22:34:25.019Z,us7000ebaj,4.9,0,0,,,
2021-06-09T08:27:22.211Z,us7000ebeb,4.5,0,0,,,
2021-06-09T13:05:55.860Z,us7000ebfv,5,0,0,,,
2021-06-10T09:56:04.724Z,us7000ebnm,4.8,0,0,,,
2021-06-10T11:35:47.164Z,us7000ebq8,4.6,0,0,,,
2021-06-11T08:34:13.176Z,us7000edji,4.1,0,0,,,
2021-06-12T20:32:18.445Z,us7000eci2,4.4,0,0,,,
2021-06-13T02:18:36.667Z,us7000ecka,4.3,0,0,,,
2021-06-13T11:58:23.775Z,us7000ecpp,4,0,0,,,
2021-06-13T19:06:42.005Z,us7000ecsb,4.2,0,0,,,
2021-06-14T00:08:28.272Z,us7000ee3v,4.2,0,0,,,
2021-06-14T17:56:02.397Z,us7000ed0n,4.3,0,0,,,
2021-06-15T06:18:34.913Z,us7000ee59,4.5,0,0,,,
2021-06-15T18:03:13.302Z,us7000edaj,4.2,0,0,,,
2021-06-17T08:59:34.009Z,us7000eds9,4.5,0,0,,,
2021-06-18T11:34:17.740Z,us6000ep40,4.2,0,0,,,
2021-06-18T22:39:13.136Z,us7000eea4,4.9,0,0,,,
2021-06-20T11:08:24.615Z,us7000eeng,5.3,0,0,,,
2021-06-23T12:35:14.893Z,us7000efgb,4.6,0,0,,,
2021-06-23T18:44:20.377Z,us6000eqjt,4.3,0,0,,,
2021-06-24T22:41:45.862Z,us6000eqvs,4.3,0,0,,,
2021-06-25T11:41:15.490Z,us6000er2j,4.3,0,0,,,
2021-06-27T00:06:55.511Z,us7000ei65,4.1,0,0,,,
2021-06-28T06:13:53.450Z,us7000ei87,4.2,0,0,,,
2021-06-29T01:42:11.287Z,us7000eia1,4.3,0,0,,,
2021-06-29T05:55:51.020Z,us6000eqrh,5,0,0,,,
2021-06-29T16:36:11.151Z,us7000eiah,4.1,0,0,,,
2021-06-30T03:53:20.666Z,us6000er0c,4,0,0,,,
2021-06-30T12:37:31.513Z,us6000er3p,4.2,0,0,,,
2021-06-30T13:18:09.474Z,us6000er3z,4.5,0,0,,,
2021-06-30T21:44:01.449Z,us7000ehul,4.4,0,0,,,
2021-07-01T08:51:30.233Z,us7000ehyy,4.5,0,0,,,
2021-07-02T01:48:08.389Z,us7000ei44,4.2,0,0,,,
2021-07-03T16:24:01.943Z,us7000eihd,4.3,0,0,,,
2021-07-03T17:19:53.847Z,us7000eihj,4.4,0,0,,,
2021-07-03T19:06:08.822Z,us7000eihz,4.2,0,0,,,
2021-07-04T06:35:22.667Z,us7000eilk,4.4,0,0,,,
2021-07-04T16:22:41.468Z,us7000eins,4.3,0,0,,,
2021-07-06T06:29:46.952Z,us7000ej1c,4.5,0,0,,,
2021-07-06T14:19:00.804Z,us6000etrr,4.1,0,0,,,
2021-07-07T01:51:20.101Z,us7000ej95,4.2,0,0,,,
2021-07-07T13:49:43.507Z,us7000ejbn,4.3,0,0,,,
2021-07-07T16:24:35.799Z,us6000esxu,4.5,0,0,,,
2021-07-07T17:02:32.572Z,us6000esy0,4.6,0,0,,,
2021-07-07T19:03:53.981Z,us7000eljr,4.2,0,0,,,
2021-07-08T11:17:27.109Z,us6000et5j,5.2,0,0,,,
2021-07-09T07:47:14.982Z,us6000etjg,4.1,0,0,,,
2021-07-09T16:26:12.041Z,us6000ett6,4.3,0,0,,,
2021-07-09T20:23:44.792Z,us6000etvj,5.3,0,0,,,
2021-07-09T23:28:23.515Z,us6000etx6,4.4,0,0,,,
2021-07-12T13:48:29.406Z,us6000eum6,4.7,0,0,,,
2021-07-13T23:58:49.210Z,us7000elr8,4.5,0,0,,,
2021-07-15T11:12:09.170Z,us7000em4u,4.6,0,0,,,
2021-07-16T04:19:57.961Z,us7000emeg,5.4,0,0,,,
2021-07-16T04:30:02.295Z,us6000exze,4.2,0,0,,,
2021-07-16T04:54:55.074Z,us6000exzh,4.5,0,0,,,
2021-07-16T05:51:42.590Z,us6000exzm,4.4,0,0,,,
2021-07-16T06:01:49.156Z,us6000exzl,4.3,0,0,,,
2021-07-16T11:50:39.278Z,us6000exzv,4.3,0,0,,,
2021-07-16T22:52:19.196Z,us7000emqv,4.4,0,0,,,
2021-07-17T04:27:41.318Z,us7000emtd,4.2,0,0,,,
2021-07-17T09:07:51.407Z,us6000ey0w,4.2,0,0,,,
2021-07-17T11:49:59.304Z,us7000emw6,5.2,0,0,,,
2021-07-17T16:21:38.130Z,us7000emyn,4.3,0,0,,,
2021-07-18T05:35:50.918Z,us7000en3e,4.6,0,0,,,
2021-07-18T09:50:08.836Z,us7000en4v,4.6,0,0,,,
2021-07-18T10:11:06.691Z,us7000en4y,4.5,0,0,,,
2021-07-18T21:56:17.283Z,us6000eyb8,4.6,0,0,,,
2021-07-19T10:23:16.819Z,us7000ene1,4,0,0,,,
2021-07-19T23:41:23.404Z,us7000enkk,4.5,0,0,,,
2021-07-20T06:56:22.549Z,us7000enn6,4.3,0,0,,,
2021-07-23T08:06:13.324Z,us6000ezur,4.3,0,0,,,
2021-07-23T21:55:49.714Z,us6000eyip,4.4,0,0,,,
2021-07-26T02:16:15.813Z,us6000ez24,5.2,0,0,,,
2021-07-26T03:23:06.515Z,us6000ez2h,4.2,0,0,,,
2021-07-26T14:51:14.439Z,us6000ez7y,4.5,0,0,,,
2021-07-26T20:19:22.539Z,us6000ezai,4.6,0,0,,,
2021-07-27T04:39:18.530Z,us6000f1j0,4.6,0,0,,,
2021-07-27T05:37:51.134Z,us6000ezdw,4.4,0,0,,,
2021-07-27T16:52:30.841Z,us6000f1jg,4.6,0,0,,,
2021-07-28T18:19:52.455Z,us6000ezx7,4.5,0,0,,,
2021-07-29T07:17:15.436Z,us6000f2fk,4.6,0,0,,,
2021-07-30T04:05:12.738Z,us6000f0hr,4.5,0,0,,,
2021-07-30T09:59:22.412Z,us6000f2q5,4.2,0,0,,,
2021-07-31T04:09:45.731Z,us6000f0vt,4.7,0,0,,,
2021-07-31T05:26:05.128Z,us6000f0w6,5,0,0,,,
2021-07-31T12:02:18.587Z,us6000f2tq,4.3,0,0,,,
2021-08-01T13:50:29.962Z,us6000f18t,4.3,0,0,,,
2021-08-02T00:37:27.685Z,us6000f1cg,4.4,0,0,,,
2021-08-02T03:28:58.868Z,us6000f1d3,5.3,0,0,,,
2021-08-02T14:20:05.235Z,us6000f1hd,4.8,0,0,,,
2021-08-02T14:53:50.500Z,us6000f3vh,4.2,0,0,,,
2021-08-02T15:35:32.843Z,us6000f1i1,4.7,0,0,,,
2021-08-02T21:39:12.534Z,us6000f1ms,4.4,0,0,,,
2021-08-03T04:38:59.328Z,us6000f1rk,4.5,0,0,,,
2021-08-03T06:02:51.676Z,us6000f1rz,4.5,0,0,,,
2021-08-03T07:28:23.392Z,us6000f1sh,4.6,0,0,,,
2021-08-03T08:56:58.202Z,us6000f1sy,4,0,0,,,
2021-08-03T10:29:17.615Z,us6000f1te,5,0,0,,,
2021-08-03T10:39:58.793Z,us6000f473,4.4,0,0,,,
2021-08-03T10:47:39.958Z,us6000f1tm,4.5,0,0,,,
2021-08-03T11:16:45.780Z,us6000f1tr,4.6,0,0,,,
2021-08-03T11:23:51.685Z,us6000f475,4.3,0,0,,,
2021-08-03T12:37:52.955Z,us6000f1u5,4.5,0,0,,,
2021-08-03T13:20:20.812Z,us6000f1ud,4.7,0,0,,,
2021-08-03T20:33:34.791Z,us6000f1z7,5.8,0,0,,,
2021-08-03T20:37:17.770Z,us6000f481,4.9,0,0,,,
2021-08-03T20:39:02.843Z,us6000f47s,4.9,0,0,,,
2021-08-03T20:42:49.374Z,us6000f27d,4.7,0,0,,,
2021-08-03T20:43:10.211Z,us6000f1zc,5.2,0,0,,,
2021-08-03T20:50:08.603Z,us6000f47g,4.5,0,0,,,
2021-08-03T20:53:26.214Z,us6000f1zi,4.4,0,0,,,
2021-08-03T20:53:51.162Z,us6000f47p,4.5,0,0,,,
2021-08-03T20:58:41.016Z,us6000f47h,4.2,0,0,,,
2021-08-03T21:03:51.102Z,us6000f47t,4.1,0,0,,,
2021-08-03T21:04:32.049Z,us6000f47i,4.5,0,0,,,
2021-08-03T21:17:56.682Z,us6000f1zx,4.4,0,0,,,
2021-08-03T22:10:54.707Z,us6000f204,4.9,0,0,,,
2021-08-03T22:49:06.962Z,us6000f20f,4.5,0,0,,,
2021-08-04T00:53:32.886Z,us6000f21l,4.4,0,0,,,
2021-08-04T01:04:03.407Z,us6000f4im,4.3,0,0,,,
2021-08-04T01:09:58.047Z,us6000f21m,4.3,0,0,,,
2021-08-04T01:12:06.907Z,us6000f4ii,4.2,0,0,,,
2021-08-04T01:56:45.503Z,us6000f4id,4.3,0,0,,,
2021-08-04T02:11:28.784Z,us6000f4ik,4.2,0,0,,,
2021-08-04T02:32:51.988Z,us6000f4iu,4.1,0,0,,,
2021-08-04T02:56:24.909Z,us6000f21y,4.8,0,0,,,
2021-08-04T03:05:37.366Z,us6000f222,4.8,0,0,,,
2021-08-04T04:11:51.664Z,us6000f22i,4.6,0,0,,,
2021-08-04T04:40:25.422Z,us6000f22l,5.4,0,0,,,
2021-08-04T05:02:52.107Z,us6000f4iw,4.1,0,0,,,
2021-08-04T06:08:26.104Z,us6000f23i,4.8,0,0,,,
2021-08-04T06:14:54.893Z,us6000f23r,4.8,0,0,,,
2021-08-04T09:03:22.120Z,us6000f4j7,4.5,0,0,,,
2021-08-04T09:20:48.798Z,us6000f4j4,4.2,0,0,,,
2021-08-04T09:26:41.802Z,us6000f24s,4.8,0,0,,,
2021-08-04T10:28:27.213Z,us6000f253,4.4,0,0,,,
2021-08-04T11:57:38.853Z,us6000f25y,4.2,0,0,,,
2021-08-04T14:23:56.421Z,us6000f26r,4.3,0,0,,,
2021-08-04T14:49:38.771Z,us6000f26y,4.4,0,0,,,
2021-08-05T21:10:12.831Z,us6000f2kz,4.5,0,0,,,
2021-08-06T01:18:53.923Z,us6000f5lr,4.2,0,0,,,
2021-08-06T16:30:50.201Z,us6000f5ml,4.5,0,0,,,
2021-08-08T06:16:01.899Z,us6000f7ik,4,0,0,,,
2021-08-08T09:37:32.001Z,us6000f3bu,4.4,0,0,,,
2021-08-09T16:15:09.536Z,us6000f7za,4.4,0,0,,,
2021-08-10T12:08:44.988Z,us6000f3u7,5,0,0,,,
2021-08-10T23:28:26.388Z,us6000f3zy,4.3,0,0,,,
2021-08-12T08:39:19.282Z,us6000f4fx,4.4,0,0,,,
2021-08-12T11:36:11.153Z,us6000f4h2,4.6,0,0,,,
2021-08-13T00:48:50.347Z,us7000f31a,4.5,0,0,,,
2021-08-13T05:36:28.472Z,us7000f32b,4.5,0,0,,,
2021-08-14T05:26:39.184Z,us7000f3s8,4.4,0,0,,,
2021-08-15T20:03:13.658Z,us6000f6pd,4.3,0,0,,,
2021-08-16T04:16:14.858Z,us7000f4mu,4.2,0,0,,,
2021-08-16T12:32:33.248Z,us6000f6ye,4.3,0,0,,,
2021-08-17T07:59:45.987Z,us6000f7gh,4.8,0,0,,,
2021-08-17T16:31:03.796Z,us7000f4tq,4.5,0,0,,,
2021-08-19T23:30:13.777Z,us6000f8jm,4.3,0,0,,,
2021-08-20T18:58:12.632Z,us6000f929,4.3,0,0,,,
2021-08-20T20:54:14.711Z,us7000f6b5,4.4,0,0,,,
2021-08-21T03:26:08.910Z,us6000f982,4.2,0,0,,,
2021-08-21T05:34:55.449Z,us6000f98m,4.4,0,0,,,
2021-08-21T16:01:24.366Z,us6000f9cq,4.2,0,0,,,
2021-08-21T19:45:16.660Z,us6000f9e6,4.7,0,0,,,
2021-08-21T21:55:39.639Z,us6000f9f6,5.2,0,0,,,
2021-08-22T02:24:35.187Z,us6000f9i3,5.3,0,0,,,
2021-08-22T19:16:58.623Z,us6000f9rt,4.4,0,0,,,
2021-08-23T01:24:22.465Z,us6000f9wd,4.7,0,0,,,
2021-08-23T21:18:50.329Z,us7000f73g,4.2,0,0,,,
2021-08-23T23:49:36.856Z,us7000f2tw,4.3,0,0,,,
2021-08-24T03:50:40.748Z,us7000f2w5,4.5,0,0,,,
2021-08-24T10:20:20.261Z,us7000f2yu,4.2,0,0,,,
2021-08-25T07:14:02.460Z,us7000f3jw,4.3,0,0,,,
2021-08-26T02:46:39.621Z,us7000f7hy,4.5,0,0,,,
2021-08-26T20:46:07.717Z,us7000f4eg,4.8,0,0,,,
2021-08-26T20:49:04.823Z,us7000f4ej,5,0,0,,,
2021-08-27T02:30:56.273Z,us7000f8lf,4.2,0,0,,,
2021-08-27T04:04:11.763Z,us7000f4hr,4.3,0,0,,,
2021-08-29T02:17:53.053Z,us7000f5cp,4.5,0,0,,,
2021-08-31T00:34:28.163Z,us7000f5zc,4.3,0,0,,,
2021-08-31T17:55:12.505Z,us7000f6c7,4,0,0,,,
2021-08-31T20:21:10.397Z,us7000f9dw,3.9,0,0,,,
2021-09-01T08:16:41.821Z,us7000f6ky,4.3,0,0,,,
2021-09-01T19:17:07.386Z,us7000f6va,4.6,0,0,,,
2021-09-01T23:46:06.747Z,us7000f6xd,4.2,0,0,,,
2021-09-02T19:03:48.545Z,us7000f775,4.4,0,0,,,
2021-09-05T05:48:59.275Z,us7000f85x,4.6,0,0,,,
2021-09-05T17:03:55.798Z,us7000f8ax,4.3,0,0,,,
2021-09-06T01:22:11.860Z,us7000fb1c,4.4,0,0,,,
2021-09-06T14:50:02.419Z,us7000f8ks,4.7,0,0,,,
2021-09-06T20:59:21.975Z,us7000f8p7,4.6,0,0,,,
2021-09-07T13:25:10.499Z,us7000f8ul,4.5,0,0,,,
2021-09-07T18:41:23.076Z,us7000f904,4.5,0,0,,,
2021-09-08T02:31:57.426Z,us7000fbft,4.6,0,0,,,
2021-09-08T15:49:48.549Z,us7000fbg3,4.6,0,0,,,
2021-09-08T22:16:55.893Z,us7000fbgl,4.2,0,0,,,
2021-09-09T20:49:26.204Z,us7000f9u3,4.2,0,0,,,
2021-09-10T02:10:24.732Z,us7000f9w2,4.3,0,0,,,
2021-09-10T13:42:47.504Z,us7000fa0a,4.2,0,0,,,
2021-09-11T02:12:02.449Z,us7000fbv2,4.2,0,0,,,
2021-09-11T11:00:10.606Z,us7000faam,4.4,0,0,,,
2021-09-12T02:17:04.596Z,us7000faf4,4.5,0,0,,,
2021-09-12T16:36:10.229Z,us7000fakk,4.4,0,0,,,
2021-09-12T21:31:08.050Z,us7000fc3x,4.2,0,0,,,
2021-09-13T04:59:47.301Z,us7000fap6,4.9,0,0,,,
2021-09-13T22:46:06.357Z,us7000faw7,5.8,0,0,,,
2021-09-15T02:09:43.385Z,us7000fd67,4.4,0,0,,,
2021-09-15T13:47:33.527Z,us7000fbf7,4.7,0,0,,,
2021-09-16T04:08:29.148Z,us7000fdgr,4.6,0,0,,,
2021-09-16T06:56:49.633Z,us7000fdgn,4.2,0,0,,,
2021-09-16T09:42:29.509Z,us7000fbrh,4.9,0,0,,,
2021-09-17T03:16:11.342Z,us7000fc03,4.5,0,0,,,
2021-09-17T20:21:07.813Z,us7000fc8p,4.4,0,0,,,
2021-09-18T20:42:37.583Z,us7000fchw,4.6,0,0,,,
2021-09-18T23:07:51.007Z,us7000fcip,4.4,0,0,,,
2021-09-19T08:18:32.645Z,us7000fcly,5.1,0,0,,,
2021-09-19T10:04:17.724Z,us7000fcmn,4.2,0,0,,,
2021-09-19T16:11:51.710Z,us7000fduu,4.4,0,0,,,
2021-09-20T05:53:18.331Z,us7000fctk,4.3,0,0,,,
2021-09-21T02:12:49.848Z,us7000fe46,4.4,0,0,,,
2021-09-21T19:33:52.811Z,us7000fd80,4.5,0,0,,,
2021-09-24T04:44:15.824Z,us6000fq5s,4.5,0,0,,,
2021-09-24T09:36:31.860Z,us6000fq66,4.4,0,0,,,
2021-09-24T09:48:11.035Z,us6000fq61,4.5,0,0,,,
2021-09-25T21:46:37.948Z,us6000fqgg,4.5,0,0,,,
2021-09-27T10:58:49.791Z,us6000fqrb,4.6,0,0,,,
2021-09-27T11:26:38.310Z,us7000fetw,4.6,0,0,,,
2021-09-27T15:30:39.142Z,us6000fqr8,4.3,0,0,,,
2021-09-29T03:26:42.682Z,us6000frvr,4.5,0,0,,,
2021-09-29T08:37:05.619Z,us6000fq2d,6.1,0,0,,,
2021-09-30T03:52:24.728Z,us6000fqcl,4.4,0,0,,,
2021-09-30T07:43:35.827Z,us6000fs9w,4.2,0,0,,,
2021-09-30T08:45:31.183Z,us6000fqe1,4.6,0,0,,,
2021-10-01T07:14:30.711Z,us6000fscb,4.1,0,0,,,
2021-10-02T04:01:37.924Z,us6000fslh,4.8,0,0,,,
2021-10-03T01:34:15.395Z,us6000fr86,4.5,0,0,,,
2021-10-03T02:10:58.810Z,us6000fsnf,4.4,0,0,,,
2021-10-03T08:11:18.354Z,us6000fsny,4.6,0,0,,,
2021-10-03T08:49:38.546Z,us6000frae,4.6,0,0,,,
2021-10-04T21:06:32.940Z,us6000frpm,4.5,0,0,,,
2021-10-05T09:32:50.905Z,us6000ft0m,4.1,0,0,,,
2021-10-05T09:52:59.685Z,us6000ft0q,4.3,0,0,,,
2021-10-05T14:22:01.845Z,us6000frxj,4.4,0,0,,,
2021-10-05T17:46:02.970Z,us6000frzg,5.7,0,0,,,
2021-10-05T22:33:41.000Z,us6000ft14,4.4,0,0,,,
2021-10-06T02:55:31.465Z,us6000fs6r,4.5,0,0,,,
2021-10-06T08:12:53.588Z,us6000fs8m,5.4,0,0,,,
2021-10-07T13:41:24.528Z,us6000fsl6,5.9,0,0,,,
2021-10-07T14:24:43.451Z,us6000fu10,4.5,0,0,,,
2021-10-07T16:44:21.427Z,us6000fsq1,4,0,0,,,
2021-10-07T20:11:50.299Z,us6000fu1l,4.4,0,0,,,
2021-10-09T02:16:16.883Z,us6000ft5u,4.3,0,0,,,
2021-10-09T02:47:34.432Z,us6000ft5x,4.6,0,0,,,
2021-10-09T05:31:59.595Z,us6000ft6w,5,0,0,,,
2021-10-10T14:16:15.940Z,us6000ftih,4.9,0,0,,,
2021-10-12T03:19:00.597Z,us6000ftw3,4.9,0,0,,,
2021-10-12T11:30:36.759Z,us6000fuxk,4.1,0,0,,,
2021-10-13T04:58:34.798Z,us6000fu54,4.1,0,0,,,
2021-10-13T11:22:49.020Z,us6000fu75,4.3,0,0,,,
2021-10-13T17:00:49.084Z,us6000fvnm,4.6,0,0,,,
2021-10-16T02:02:13.456Z,us6000fv3a,4.9,0,0,,,
2021-10-16T15:30:53.689Z,us6000fv8v,4.5,0,0,,,
2021-10-17T15:49:31.360Z,us6000fvg0,4.8,0,0,,,
2021-10-18T02:01:23.240Z,us6000fvj4,4.6,0,0,,,
2021-10-19T07:00:35.421Z,us6000fwry,4.3,0,0,,,
2021-10-19T12:36:37.809Z,us6000fvv2,5.3,0,0,,,
2021-10-19T12:44:47.900Z,us6000fws7,4.3,0,0,,,
2021-10-19T15:18:17.640Z,us6000fvvz,4.5,0,0,,,
2021-10-19T22:10:47.878Z,us6000fw02,4.5,0,0,,,
2021-10-21T07:44:20.996Z,us6000fwd2,4.2,1,1,5.5,2021-10-21T08:36:47.973Z,us6000fwdc
2021-10-21T08:36:47.973Z,us6000fwdc,5.5,0,0,,,
2021-10-24T01:07:49.293Z,us7000fpr9,4.3,0,0,,,
2021-10-24T06:45:37.595Z,us6000fxcx,4.6,0,0,,,
2021-10-26T16:27:55.146Z,us6000fxn4,4.9,0,0,,,
2021-10-26T16:40:11.784Z,us6000fxn5,4.5,0,0,,,
2021-10-26T18:27:09.805Z,us7000fp0j,4.3,0,0,,,
2021-10-27T20:53:56.077Z,us7000fp9h,4.2,0,0,,,
2021-10-28T00:55:29.417Z,us7000fpay,4.4,0,0,,,
2021-10-28T14:47:54.451Z,us7000fr5e,4.3,0,0,,,
2021-10-28T23:59:21.957Z,us7000fpks,4.4,0,0,,,
2021-10-30T08:47:20.669Z,us7000fq1t,4.5,0,0,,,
2021-10-31T05:03:46.488Z,us7000frgg,4.1,0,0,,,
2021-10-31T14:02:49.390Z,us7000frh3,4.5,0,0,,,
2021-10-31T20:35:40.116Z,us7000fqbj,4.7,0,0,,,
2021-10-31T21:14:47.630Z,us7000fqbt,5.2,0,0,,,
2021-10-31T23:27:25.244Z,us7000fqce,4.2,0,0,,,
2021-11-02T04:33:46.997Z,us7000frs1,4.2,0,0,,,
2021-11-02T11:00:40.223Z,us7000frsc,4.5,0,0,,,
2021-11-02T15:00:11.748Z,us7000frsh,4.6,0,0,,,
2021-11-03T00:02:23.264Z,us7000fslw,4.5,0,0,,,
2021-11-03T02:35:56.019Z,us7000fr0l,4.6,0,0,,,
2021-11-03T15:58:11.558Z,us7000fsmh,4.3,0,0,,,
2021-11-05T04:55:56.390Z,us7000frlu,4.9,0,0,,,
2021-11-06T00:08:47.330Z,us7000frw9,4.3,0,0,,,
2021-11-06T19:40:59.298Z,us7000ft7k,4.5,0,0,,,
2021-11-07T05:11:24.805Z,us7000fs5c,4.4,0,0,,,
2021-11-07T05:52:33.455Z,us7000ft8y,4.5,0,0,,,
2021-11-07T12:44:30.631Z,us7000fs7h,4.4,0,0,,,
2021-11-07T18:08:31.636Z,us7000fs8w,4.4,0,0,,,
2021-11-07T19:22:19.524Z,us7000fs98,4.5,0,0,,,
2021-11-08T16:15:01.611Z,us7000fsf4,4.7,0,0,,,
2021-11-08T21:08:15.113Z,us7000ftke,4.1,0,0,,,
2021-11-10T13:08:57.911Z,us7000fsz1,4.3,0,0,,,
2021-11-11T03:21:27.905Z,us7000ft4j,4.5,0,0,,,
2021-11-11T22:06:48.941Z,us7000ftd4,4.5,0,0,,,
2021-11-12T02:13:51.906Z,us7000ftew,4.5,0,0,,,
2021-11-13T01:06:32.236Z,us7000fv4k,4.2,0,0,,,
2021-11-13T02:59:38.472Z,us7000fu4d,4.4,0,0,,,
2021-11-13T04:45:06.661Z,us7000ftrg,4.9,0,0,,,
2021-11-13T11:17:01.458Z,us7000ftt6,4.4,0,0,,,
2021-11-14T13:08:47.690Z,us7000fu1w,4.6,0,0,,,
2021-11-14T15:04:52.504Z,us7000fv7e,4.4,0,0,,,
2021-11-14T23:19:06.922Z,us7000fu4s,4.1,0,0,,,
2021-11-16T17:54:44.411Z,us7000funw,4.4,0,0,,,
2021-11-16T22:46:32.691Z,us7000fvii,4.2,0,0,,,
2021-11-17T06:24:41.223Z,us7000fw7t,4.5,0,0,,,
2021-11-17T23:46:09.677Z,us7000fw8u,4.2,0,0,,,
2021-11-19T19:12:04.191Z,us7000fwrm,4.1,0,0,,,
2021-11-19T20:07:00.307Z,us7000fwrp,4.3,0,0,,,
2021-11-19T23:57:23.470Z,us7000fvlx,4.6,0,0,,,
2021-11-20T19:07:41.651Z,us7000fvt6,4.7,0,0,,,
2021-11-22T19:09:59.721Z,us7000fw9k,4.3,0,0,,,
2021-11-22T19:37:38.917Z,us7000fx9m,4.3,0,0,,,
2021-11-22T23:49:03.500Z,us7000fx9r,4.4,0,0,,,
2021-11-23T09:48:42.439Z,us7000fwem,4.8,0,0,,,
2021-11-24T05:44:44.466Z,us7000fwmq,4.6,0,0,,,
2021-11-24T08:06:36.210Z,us7000fwne,4.8,0,0,,,
2021-11-24T10:28:25.549Z,us7000fwp8,4.4,0,0,,,
2021-11-24T11:34:20.762Z,us6000g7nb,4.2,0,0,,,
2021-11-24T18:51:29.897Z,us6000g7nq,4.2,0,0,,,
2021-11-26T02:31:33.162Z,us6000g87q,4.3,0,0,,,
2021-11-26T08:37:13.849Z,us7000fx6v,4.3,0,0,,,
2021-11-28T14:54:40.558Z,us7000fxrk,4.5,0,0,,,
2021-11-28T20:33:21.425Z,us7000fxti,4.6,0,0,,,
2021-11-28T22:13:56.734Z,us7000fxu0,4.5,0,0,,,
2021-11-28T22:27:32.948Z,us6000g8gx,4.3,0,0,,,
2021-11-29T11:22:33.524Z,us7000fxyf,4.1,1,1,6.3,2021-11-29T12:40:44.400Z,us7000fxyq
2021-11-29T12:40:44.400Z,us7000fxyq,6.3,0,0,,,
2021-11-29T12:59:42.943Z,us6000g8r1,4.3,0,0,,,
2021-11-29T13:50:54.739Z,us7000fxzi,4.7,0,0,,,
2021-11-29T18:23:18.300Z,us6000g8r8,4.3,0,0,,,
2021-11-29T18:51:36.041Z,us6000g7pg,4.2,0,0,,,
2021-11-29T21:43:05.512Z,us6000g8ri,4.3,0,0,,,
2021-11-29T22:29:49.328Z,us6000g7ri,4.6,0,0,,,
2021-11-29T23:34:44.262Z,us6000g7s1,4.4,0,0,,,
2021-11-30T00:30:46.701Z,us6000g7sa,4.6,0,0,,,
2021-11-30T06:34:22.083Z,us6000g7tx,4.5,1,1,5.5,2021-11-30T06:53:34.578Z,us6000g7tw
2021-11-30T06:53:34.578Z,us6000g7tw,5.5,0,0,,,
2021-11-30T07:10:44.311Z,us6000g7u2,4.6,0,0,,,
2021-11-30T07:29:45.397Z,us6000g8s3,4.3,0,0,,,
2021-11-30T07:43:14.961Z,us6000g8s5,4.4,0,0,,,
2021-11-30T08:56:41.959Z,us6000g8s7,4.3,0,0,,,
2021-11-30T11:10:43.013Z,us6000g7vj,4.7,0,0,,,
2021-11-30T15:41:11.294Z,us6000g7ww,4.7,0,0,,,
2021-11-30T15:55:36.706Z,us6000g7x1,4.6,0,0,,,
2021-11-30T16:02:53.945Z,us6000g7x3,4.9,0,0,,,
2021-11-30T18:27:38.429Z,us6000g7z5,5,0,0,,,
2021-11-30T20:12:13.039Z,us6000g8sy,4.2,0,0,,,
2021-11-30T20:38:47.185Z,us6000g80f,4.6,0,0,,,
2021-11-30T20:49:11.402Z,us6000g807,4.9,0,0,,,
2021-11-30T21:11:59.280Z,us6000g80j,4.1,0,0,,,
2021-11-30T21:39:37.649Z,us6000g8t4,4.4,0,0,,,
2021-11-30T21:58:14.119Z,us6000g8t5,4.6,0,0,,,
2021-11-30T22:22:47.215Z,us6000g8td,4.5,0,0,,,
2021-11-30T22:34:08.163Z,us6000g8tc,4.2,0,0,,,
2021-11-30T23:30:07.792Z,us6000g81t,4.6,0,0,,,
2021-12-01T04:09:14.807Z,us6000g835,4.7,0,0,,,
2021-12-01T04:49:28.304Z,us6000ga0i,4.7,0,0,,,
2021-12-01T04:56:33.657Z,us6000ga0u,4,0,0,,,
2021-12-01T05:08:33.848Z,us6000g83b,4.5,0,0,,,
2021-12-01T06:04:53.753Z,us6000g83u,4.9,0,0,,,
2021-12-01T07:24:48.959Z,us6000ga0n,4.4,0,0,,,
2021-12-01T08:40:48.291Z,us6000g85m,4.9,0,0,,,
2021-12-01T08:49:52.068Z,us6000ga0q,4.4,0,0,,,
2021-12-01T09:49:15.539Z,us6000g85x,4.8,0,0,,,
2021-12-01T10:22:33.301Z,us6000g85y,4.8,0,0,,,
2021-12-01T11:30:11.406Z,us6000g86m,4.5,0,0,,,
2021-12-01T12:07:11.190Z,us6000ga19,4.3,0,0,,,
2021-12-01T14:31:36.459Z,us6000g874,4.1,0,0,,,
2021-12-01T16:58:36.635Z,us6000g88v,5,0,0,,,
2021-12-01T17:30:55.756Z,us6000ga18,4.6,0,0,,,
2021-12-01T17:40:49.253Z,us6000ga1a,4.2,0,0,,,
2021-12-01T17:44:24.217Z,us6000ga1e,4.3,0,0,,,
2021-12-01T22:47:33.765Z,us6000ga1q,4.2,0,0,,,
2021-12-02T05:39:33.374Z,us6000ga75,4.1,0,0,,,
2021-12-02T07:23:23.924Z,us6000ga77,4.2,0,0,,,
2021-12-02T08:24:48.437Z,us6000g8dw,4.8,0,0,,,
2021-12-02T09:40:37.546Z,us6000g8ea,4.5,0,0,,,
2021-12-02T09:44:33.200Z,us6000ga7a,4.6,0,0,,,
2021-12-02T17:17:59.022Z,us6000g8kf,4.5,0,0,,,
2021-12-02T20:49:15.349Z,us6000g8j5,4.6,0,0,,,
2021-12-02T21:37:48.612Z,us6000g8k3,4.4,0,0,,,
2021-12-03T00:28:28.249Z,us6000g8lb,5.2,0,0,,,
2021-12-03T02:59:42.520Z,us6000gahg,4.4,0,0,,,
2021-12-03T10:17:25.264Z,us6000gahm,4.5,0,0,,,
2021-12-03T13:16:53.375Z,us6000g8q7,4.4,0,0,,,
2021-12-03T22:32:30.111Z,us6000gai4,4.4,0,0,,,
2021-12-04T08:02:36.397Z,us6000g8z3,4.8,0,0,,,
2021-12-04T22:03:37.871Z,us6000gakg,4.6,0,0,,,
2021-12-05T08:49:44.702Z,us6000gawj,4.4,0,0,,,
2021-12-05T14:14:07.450Z,us6000g9a7,4.6,0,0,,,
2021-12-05T17:51:46.320Z,us6000gax0,4,0,0,,,
2021-12-05T22:20:33.887Z,us6000gax7,4.3,0,0,,,
2021-12-05T23:55:59.946Z,us6000gaxa,4.3,0,0,,,
2021-12-06T08:09:37.094Z,us6000g9f9,4.5,0,0,,,
2021-12-06T09:57:31.275Z,us6000gb5p,4.4,0,0,,,
2021-12-06T14:31:46.617Z,us6000gb5u,4.6,0,0,,,
2021-12-06T14:33:21.369Z,us6000g9h4,4.9,0,0,,,
2021-12-07T01:10:30.090Z,us6000g9wy,4.6,0,0,,,
2021-12-07T08:13:05.864Z,us6000g9zc,4.5,0,0,,,
2021-12-07T17:29:25.038Z,us6000ga4u,4.9,0,0,,,
2021-12-07T20:50:16.251Z,us6000ga80,4.3,0,0,,,
2021-12-08T07:22:18.697Z,us6000gae5,5.1,0,0,,,
2021-12-09T08:10:39.004Z,us6000gas9,4.5,0,0,,,
2021-12-09T08:57:49.541Z,us6000gasn,4.7,0,0,,,
2021-12-10T10:56:04.052Z,us6000gb4p,4.4,0,0,,,
2021-12-11T11:53:49.711Z,us6000gchj,4.1,0,0,,,
2021-12-11T21:34:14.317Z,us6000gbhs,4.8,0,0,,,
2021-12-11T21:56:33.092Z,us6000gbhz,4.6,0,0,,,
2021-12-11T23:08:04.473Z,us6000gci5,4.4,0,0,,,
2021-12-12T02:01:40.651Z,us6000gcs5,4.4,0,0,,,
2021-12-12T03:21:27.132Z,us6000gbjz,4.7,0,0,,,
2021-12-12T03:30:58.804Z,us6000gbk2,4.9,0,0,,,
2021-12-12T03:56:11.572Z,us6000gbk6,4.7,0,0,,,
2021-12-12T07:19:28.839Z,us6000gcsi,4.4,0,0,,,
2021-12-12T10:22:26.199Z,us6000gbmg,4.7,0,0,,,
2021-12-12T16:27:56.653Z,us6000gbpa,4.6,0,0,,,
2021-12-12T16:33:12.430Z,us6000gcsp,4.5,0,0,,,
2021-12-12T16:39:26.353Z,us6000gbpg,4.5,0,0,,,
2021-12-12T17:40:01.571Z,us6000gct0,4.6,0,0,,,
2021-12-13T18:36:14.039Z,us6000gcut,4.6,0,0,,,
2021-12-14T09:31:21.871Z,us6000gc52,4.5,0,0,,,
2021-12-14T15:31:59.131Z,us6000gd57,4.4,0,0,,,
2021-12-14T16:44:11.719Z,us6000gd58,4.4,0,0,,,
2021-12-14T21:22:15.576Z,us6000gd5g,4.2,0,0,,,
2021-12-15T00:00:32.317Z,us6000gduc,4.3,0,0,,,
2021-12-15T00:40:58.583Z,us6000gcb7,4.9,0,0,,,
2021-12-15T02:19:21.924Z,us6000gduf,4.2,0,0,,,
2021-12-15T02:53:00.428Z,us6000gcbk,4.7,0,0,,,
2021-12-15T03:05:29.651Z,us6000gdui,4.2,0,0,,,
2021-12-15T04:00:16.683Z,us6000gcbs,4.7,0,0,,,
2021-12-15T07:11:08.113Z,us6000gduu,4.5,0,0,,,
2021-12-15T13:30:14.628Z,us6000gce2,4.2,0,0,,,
2021-12-15T16:25:31.300Z,us6000gdv2,4.4,0,0,,,
2021-12-15T16:58:37.378Z,us6000gdv5,4.4,0,0,,,
2021-12-15T17:12:35.605Z,us6000gcgn,4.6,0,0,,,
2021-12-15T18:58:16.845Z,us6000gcis,4.6,0,0,,,
2021-12-15T21:29:04.310Z,us6000gcjr,4.8,0,0,,,
2021-12-15T21:35:11.719Z,us6000gdve,4.5,0,0,,,
2021-12-16T00:55:47.028Z,us6000gclx,4.3,0,0,,,
2021-12-16T03:51:59.254Z,us6000gcnd,4.8,0,0,,,
2021-12-16T06:48:55.057Z,us6000ge6x,4.4,0,0,,,
2021-12-16T07:04:37.918Z,us6000ge6y,4.1,0,0,,,
2021-12-16T08:02:45.648Z,us6000gcxx,4.2,0,0,,,
2021-12-16T22:55:03.715Z,us6000gcze,4.5,0,0,,,
2021-12-17T05:39:47.919Z,us6000geht,4.3,0,0,,,
2021-12-17T06:40:35.925Z,us6000gehv,4.2,0,0,,,
2021-12-17T08:19:27.614Z,us6000gei3,4.3,0,0,,,
2021-12-17T08:40:01.040Z,us6000gd1z,4.7,0,0,,,
2021-12-19T01:51:51.012Z,us6000gdic,4.5,0,0,,,
2021-12-19T04:12:07.226Z,us6000gel7,4.1,0,0,,,
2021-12-19T08:54:20.185Z,us6000gelc,4.3,0,0,,,
2021-12-20T01:03:44.433Z,us6000gdpl,4.4,0,0,,,
2021-12-20T09:50:20.647Z,us6000gdst,4.1,0,0,,,
2021-12-20T16:05:25.749Z,us6000gdup,5.1,0,0,,,
2021-12-20T17:22:29.581Z,us7000g8x9,4.4,0,0,,,
2021-12-21T01:05:02.474Z,us7000g8yw,4.4,0,0,,,
2021-12-21T02:30:22.556Z,us6000ge1u,4.7,0,0,,,
2021-12-21T02:46:06.457Z,us6000ge23,4.7,0,0,,,
2021-12-21T02:53:15.243Z,us6000ge25,4.9,0,0,,,
2021-12-21T10:34:42.636Z,us6000ge56,4.1,0,0,,,
2021-12-21T12:42:56.335Z,us6000ge5f,4.5,0,0,,,
2021-12-21T13:35:53.583Z,us6000ge5l,4.4,0,0,,,
2021-12-21T16:28:58.529Z,us6000ge6g,4.6,0,0,,,
2021-12-21T16:42:40.753Z,us6000ge6k,5.1,0,0,,,
2021-12-21T16:46:59.399Z,us6000ge6n,5,0,0,,,
2021-12-22T01:00:37.307Z,us6000gect,4.4,0,0,,,
2021-12-22T09:30:04.493Z,us7000g989,4.5,0,0,,,
2021-12-22T21:53:53.203Z,us6000geny,4.4,0,0,,,
2021-12-22T22:38:28.554Z,us7000g98x,4.3,0,0,,,
2021-12-23T08:45:22.308Z,us6000gess,4.5,0,0,,,
2021-12-23T15:55:58.923Z,us7000g99m,4.4,0,0,,,
2021-12-24T23:46:01.476Z,us7000g9k3,4,0,0,,,
2021-12-25T10:40:40.192Z,us6000gf7d,4.3,0,0,,,
2021-12-25T19:46:12.600Z,us7000g9le,4.1,0,0,,,
2021-12-26T03:59:12.670Z,us7000g9lu,4,0,0,,,
2021-12-26T06:51:55.228Z,us6000gfcw,4.8,0,0,,,
2021-12-26T19:40:05.105Z,us6000gfhx,4.6,0,0,,,
2021-12-26T22:26:37.418Z,us7000g9mx,4.3,0,0,,,
2021-12-27T04:40:20.914Z,us7000g9x2,4.2,0,0,,,
2021-12-27T10:30:03.399Z,us7000g9x8,4.5,0,0,,,
2021-12-27T19:08:55.337Z,us6000gfnr,4.4,0,0,,,
2021-12-28T20:11:27.326Z,us7000g9ym,4.3,0,0,,,
2021-12-28T20:47:37.811Z,us6000gfxq,4.3,0,0,,,
2021-12-29T02:33:05.981Z,us6000gg06,4.2,0,0,,,
2021-12-29T08:53:24.593Z,us7000gakc,4.3,0,0,,,
2021-12-29T11:33:56.416Z,us6000gg3k,4.6,0,0,,,
2021-12-30T00:41:58.518Z,us7000g7ut,4.6,0,0,,,
2021-12-30T03:59:17.646Z,us7000gawz,4.7,0,0,,,
2021-12-30T06:08:44.798Z,us7000gawv,4.3,0,0,,,
2021-12-30T19:19:16.109Z,us7000g81e,4.5,0,0,,,
2021-12-30T23:22:38.756Z,us7000gaxq,4.2,0,0,,,
2021-12-31T14:31:34.776Z,us7000gaz9,4.3,0,0,,,
2022-01-01T06:07:20.747Z,us7000gbcj,4.1,0,0,,,
2022-01-01T15:37:37.827Z,us7000gbd0,4.4,0,0,,,
2022-01-01T22:46:15.866Z,us7000g8du,4.3,0,0,,,
2022-01-02T01:50:54.622Z,us7000g8ej,4.3,0,0,,,
2022-01-04T03:12:28.226Z,us7000gbnj,4.3,0,0,,,
2022-01-04T05:35:08.213Z,us7000g8ui,4.5,0,0,,,
2022-01-05T12:34:16.283Z,us7000g9dm,4.4,0,0,,,
2022-01-05T17:50:57.855Z,us7000g9aq,4,0,0,,,
2022-01-06T16:59:12.936Z,us7000gc1x,4,0,0,,,
2022-01-06T21:52:25.287Z,us7000g9qz,4.3,0,0,,,
2022-01-07T19:07:23.959Z,us7000gcnl,4.1,0,0,,,
2022-01-08T18:00:52.062Z,us7000gcwq,4.2,0,0,,,
2022-01-09T08:37:18.110Z,us7000gcyc,4.2,0,0,,,
2022-01-09T20:23:14.307Z,us7000gael,4.3,0,0,,,
2022-01-10T16:12:51.561Z,us7000gajx,4.2,0,0,,,
2022-01-10T19:18:49.272Z,us7000gan8,4.3,0,0,,,
2022-01-11T00:52:42.327Z,us7000gaqt,4.4,0,0,,,
2022-01-11T10:36:39.014Z,us7000gd9x,4.2,0,0,,,
2022-01-12T12:19:52.843Z,us7000gdlc,4.2,0,0,,,
2022-01-12T15:46:06.623Z,us7000gbcc,4.8,0,0,,,
2022-01-13T01:21:41.014Z,us7000gbi5,4.5,0,0,,,
2022-01-13T02:30:16.982Z,us7000gdvs,4.3,0,0,,,
2022-01-13T06:26:17.295Z,us7000gbjl,4.7,0,0,,,
2022-01-13T15:56:49.132Z,us7000gdwc,4.2,0,0,,,
2022-01-14T01:30:32.954Z,us7000gdxl,4,0,0,,,
2022-01-14T23:00:56.123Z,us7000gc53,4.2,0,0,,,
2022-01-15T01:28:18.068Z,us7000gc5l,4.5,0,0,,,
2022-01-15T13:52:01.565Z,us7000gew7,4.6,0,0,,,
2022-01-15T14:41:57.957Z,us7000gc8w,4.8,0,0,,,
2022-01-15T18:06:20.955Z,us7000gewl,4.6,0,0,,,
2022-01-15T19:10:24.130Z,us7000gca3,4,0,0,,,
2022-01-15T21:00:12.482Z,us7000gewp,4.3,0,0,,,
2022-01-16T14:05:16.279Z,us7000geyt,4.3,0,0,,,
2022-01-16T17:49:18.128Z,us7000gezf,4.4,0,0,,,
2022-01-16T22:29:06.749Z,us7000gezc,4.2,0,0,,,
2022-01-17T03:57:57.634Z,us7000gckj,4.1,0,0,,,
2022-01-17T14:45:34.082Z,us7000gf1b,4.4,0,0,,,
2022-01-18T00:55:03.006Z,us7000gcrq,4.4,0,0,,,
2022-01-18T13:50:21.897Z,us7000gfaf,4.2,0,0,,,
2022-01-18T17:13:02.521Z,us7000gcxl,4.2,0,0,,,
2022-01-18T17:28:53.057Z,us7000gcxq,4.4,0,0,,,
2022-01-19T19:54:21.596Z,us7000gdb3,4.5,0,0,,,
2022-01-20T01:52:46.340Z,us7000gfu4,4.4,0,0,,,
2022-01-20T23:59:37.102Z,us7000gdps,4.8,0,0,,,
2022-01-21T12:10:40.801Z,us7000gdue,4,0,0,,,
2022-01-21T16:08:37.210Z,us7000gdwz,6.3,0,0,,,
2022-01-21T16:21:42.172Z,us7000gfwc,4.7,0,0,,,
2022-01-21T17:20:34.126Z,us7000gfw8,4.2,0,0,,,
2022-01-21T17:43:32.045Z,us7000gdyi,4.3,0,0,,,
2022-01-21T18:17:11.388Z,us7000gdyu,4.5,0,0,,,
2022-01-21T18:43:21.774Z,us7000gdyz,4.1,0,0,,,
2022-01-21T20:31:51.252Z,us7000ge07,4.9,0,0,,,
2022-01-21T21:48:14.314Z,us7000ge17,4.3,0,0,,,
2022-01-22T04:05:49.649Z,us7000ge51,4.1,0,0,,,
2022-01-22T04:20:54.096Z,us7000ge59,4.4,0,0,,,
2022-01-23T00:57:23.940Z,us7000geay,4.3,0,0,,,
2022-01-24T16:53:18.677Z,us7000gelu,4.5,0,0,,,
2022-01-25T01:42:42.902Z,us7000ggzt,4.4,0,0,,,
2022-01-26T03:28:52.578Z,us7000ghbz,4.2,0,0,,,
2022-01-26T21:09:14.687Z,us7000gfd9,4.5,0,0,,,
2022-01-27T15:25:07.852Z,us7000gfk0,4.1,0,0,,,
2022-01-27T16:59:34.252Z,us7000ghdt,4.2,0,0,,,
2022-01-28T01:35:04.834Z,us7000gfqn,4.5,0,0,,,
2022-01-28T09:52:46.225Z,us7000gft1,4.2,0,0,,,
2022-01-28T13:31:13.497Z,us7000gfvk,4.4,0,0,,,
2022-01-28T16:32:30.002Z,us7000ghnq,5,0,0,,,
2022-01-28T18:57:33.476Z,us7000gfzl,4.5,0,0,,,
2022-01-28T21:00:33.625Z,us7000gg12,4.5,0,0,,,
2022-01-28T21:22:02.449Z,us7000gg1g,4.2,0,0,,,
2022-01-29T09:29:15.412Z,us7000ghus,4,0,0,,,
2022-01-29T23:31:06.758Z,us7000ghvr,4,0,0,,,
2022-01-30T05:22:23.246Z,us7000ghy9,4.3,0,0,,,
2022-01-30T06:35:56.321Z,us7000ggci,3.9,0,0,,,
2022-01-31T03:02:01.935Z,us7000ggiq,4.3,0,0,,,
2022-01-31T09:00:07.047Z,us7000ghzx,4.3,0,0,,,
2022-01-31T11:22:18.570Z,us7000ggl0,4.4,0,0,,,
2022-01-31T19:33:59.540Z,us7000ggs5,4.3,0,0,,,
2022-01-31T23:08:22.867Z,us7000ggu2,4.3,0,0,,,
2022-02-01T04:24:18.846Z,us7000ggvv,4.4,0,0,,,
2022-02-01T09:18:31.815Z,us7000ggx0,4.6,0,0,,,
2022-02-02T01:38:39.915Z,us7000gj3j,4.1,0,0,,,
2022-02-02T03:02:36.560Z,us7000gj3l,4.2,0,0,,,
2022-02-02T18:06:43.256Z,us7000ghcj,4.4,0,0,,,
2022-02-02T18:36:02.820Z,us7000gj4d,4.4,0,0,,,
2022-02-03T05:23:47.199Z,us7000gjdb,4,0,0,,,
2022-02-05T02:46:40.020Z,us7000gi61,4.6,0,0,,,
2022-02-05T07:00:55.215Z,us7000gjp1,4.1,0,0,,,
2022-02-05T07:01:21.231Z,us7000gjpd,4.3,0,0,,,
2022-02-05T17:27:13.186Z,us7000gjpl,4.3,0,0,,,
2022-02-05T22:30:10.863Z,us7000gibe,4.5,0,0,,,
2022-02-06T04:15:32.039Z,us7000gidc,4.4,0,0,,,
2022-02-06T08:12:53.085Z,us7000gif4,4.1,0,0,,,
2022-02-06T10:14:59.763Z,us7000gjqy,4.4,0,0,,,
2022-02-07T18:28:44.499Z,us7000giwk,4.4,0,0,,,
2022-02-09T17:07:57.669Z,us7000gjes,4.2,0,0,,,
2022-02-09T22:09:06.597Z,us7000gjht,4.2,0,0,,,
2022-02-09T22:10:19.059Z,us7000gji1,4.2,0,0,,,
2022-02-10T14:18:33.206Z,us7000gl34,4.4,0,0,,,
2022-02-11T00:04:58.487Z,us7000gjv7,4.5,0,0,,,
2022-02-11T00:42:38.377Z,us7000gjvc,4.4,0,0,,,
2022-02-12T13:10:10.610Z,us7000gk9y,4.1,0,0,,,
2022-02-13T06:50:33.361Z,us7000gkfy,4.9,0,0,,,
2022-02-13T07:06:05.599Z,us7000glpq,4.7,0,0,,,
2022-02-13T11:53:09.447Z,us7000gkii,4.3,0,0,,,
2022-02-13T13:14:37.946Z,us7000glq1,4.3,0,0,,,
2022-02-13T19:24:58.672Z,us7000gklh,4.5,0,0,,,
2022-02-14T13:37:49.771Z,us7000gkrt,4.5,0,0,,,
2022-02-15T17:58:08.010Z,us7000gl42,4.3,0,0,,,
2022-02-17T09:17:45.652Z,us7000gllk,4.9,0,0,,,
2022-02-17T12:36:46.884Z,us7000gmzv,4.2,0,0,,,
2022-02-18T01:51:39.837Z,us7000gluu,4.3,0,0,,,
2022-02-18T02:55:07.832Z,us7000glv1,5.1,0,0,,,
2022-02-18T17:34:31.053Z,us7000gn86,4.3,0,0,,,
2022-02-20T22:11:40.192Z,us7000gmi7,4.5,0,0,,,
2022-02-21T01:12:51.371Z,us7000gmj0,4.6,0,0,,,
2022-02-21T02:38:57.723Z,us6000h01j,4.5,0,0,,,
2022-02-21T16:56:34.840Z,us7000gmp3,4.5,0,0,,,
2022-02-21T19:28:09.552Z,us7000gmqb,4.3,0,0,,,
2022-02-22T02:05:20.750Z,us7000gmv6,4.4,0,0,,,
2022-02-22T03:13:18.152Z,us7000gmvc,4.6,0,0,,,
2022-02-22T04:17:38.204Z,us6000h03z,4.4,0,0,,,
2022-02-22T04:41:10.062Z,us6000h049,4,0,0,,,
2022-02-22T07:00:05.077Z,us6000h043,4,0,0,,,
2022-02-22T12:23:50.900Z,us6000h04e,4.3,0,0,,,
2022-02-23T08:25:23.447Z,us6000h0tk,4.2,0,0,,,
2022-02-23T10:16:29.366Z,us7000gn5s,4.3,0,0,,,
2022-02-23T19:33:03.004Z,us6000gzkx,4.4,0,0,,,
2022-02-24T05:18:38.671Z,us6000gzq2,4.8,0,0,,,
2022-02-24T06:47:46.200Z,us6000h15a,4,0,0,,,
2022-02-24T23:46:40.859Z,us6000gzxm,4.4,0,0,,,
2022-02-25T11:10:27.489Z,us6000h033,4.3,0,0,,,
2022-02-25T23:32:03.717Z,us6000h08q,4.6,0,0,,,
2022-02-26T05:49:52.386Z,us6000h0ak,4.9,0,0,,,
2022-02-26T10:08:38.216Z,us6000h1ra,4.2,0,0,,,
2022-02-27T11:11:08.641Z,us6000h0i0,4.7,0,0,,,
2022-02-27T12:17:18.453Z,us6000h0ie,4.5,0,0,,,
2022-02-27T14:48:12.306Z,us6000h0iu,4.6,0,0,,,
2022-02-27T16:33:35.973Z,us6000h0jb,5.1,0,0,,,
2022-02-28T10:30:35.433Z,us6000h232,4,0,0,,,
2022-02-28T10:31:10.353Z,us6000h0r5,4.5,0,0,,,
2022-02-28T10:34:43.981Z,us6000h0qt,4.8,0,0,,,
2022-02-28T11:35:11.064Z,us6000h0rb,5.1,0,0,,,
2022-02-28T13:26:01.046Z,us6000h0rr,4.6,0,0,,,
2022-02-28T16:07:10.072Z,us6000h0sk,4.4,0,0,,,
2022-02-28T22:04:30.853Z,us6000h0vy,5.1,0,0,,,
2022-02-28T23:10:33.777Z,us6000h23g,4.3,0,0,,,
2022-03-01T04:00:12.416Z,us6000h0zp,4.4,0,0,,,
2022-03-01T23:15:46.654Z,us6000h18n,4.3,0,0,,,
2022-03-01T23:28:35.088Z,us6000h24h,4.4,0,0,,,
2022-03-02T00:08:01.016Z,us6000h2sw,4,0,0,,,
2022-03-02T00:41:47.586Z,us6000h19d,4.6,0,0,,,
2022-03-02T00:50:27.036Z,us6000h19f,4.4,0,0,,,
2022-03-02T03:25:17.787Z,us6000h1a3,4.5,0,0,,,
2022-03-02T03:39:44.016Z,us6000h2st,4.2,0,0,,,
2022-03-02T03:44:50.554Z,us6000h1a6,4.8,0,0,,,
2022-03-03T15:10:11.289Z,us6000h1qv,4.6,0,0,,,
2022-03-03T15:16:49.766Z,us6000h32w,4,0,0,,,
2022-03-04T12:02:28.236Z,us6000h3c3,4.2,0,0,,,
2022-03-04T21:03:47.961Z,us6000h25n,4.7,0,0,,,
2022-03-04T22:29:45.422Z,us6000h278,5.1,0,0,,,
2022-03-04T22:43:50.797Z,us6000h27d,4.3,0,0,,,
2022-03-05T02:00:18.870Z,us6000h3iy,4.4,0,0,,,
2022-03-07T01:34:12.907Z,us6000h2mt,4.4,0,0,,,
2022-03-07T10:09:26.024Z,us6000h2qh,4.8,0,0,,,
2022-03-07T16:25:09.051Z,us6000h3ti,4.2,0,0,,,
2022-03-07T16:58:49.038Z,us6000h2s5,4.8,0,0,,,
2022-03-07T19:01:44.648Z,us6000h2uz,4.3,0,0,,,
2022-03-08T15:39:05.647Z,us6000h3ud,4.4,0,0,,,
2022-03-08T23:07:31.806Z,us6000h3up,4.2,0,0,,,
2022-03-09T06:52:22.893Z,us6000h38j,4.4,0,0,,,
2022-03-09T10:39:17.250Z,us6000h39n,4,0,0,,,
2022-03-10T09:36:50.296Z,us6000h542,4.3,0,0,,,
2022-03-10T12:40:50.749Z,us6000h3jw,4.4,0,0,,,
2022-03-10T14:12:38.223Z,us6000h3k5,4.4,0,0,,,
2022-03-11T08:59:32.972Z,us6000h3r5,4.3,0,0,,,
2022-03-11T11:13:06.292Z,us6000h3ru,4.8,0,0,,,
2022-03-12T03:59:44.126Z,us6000h5da,4.3,0,0,,,
2022-03-12T18:18:14.123Z,us6000h5e0,4.2,0,0,,,
2022-03-13T16:01:30.685Z,us6000h470,4.2,0,0,,,
2022-03-14T03:32:47.614Z,us6000h5r9,4.2,0,0,,,
2022-03-15T10:55:47.315Z,us6000h4nv,4.3,0,0,,,
2022-03-15T17:36:53.853Z,us6000h5tt,4.5,0,0,,,
2022-03-16T02:06:28.325Z,us6000h4x7,4.2,0,0,,,
2022-03-16T14:34:27.453Z,us6000h518,6,1,2,7.3,2022-03-16T14:36:30.997Z,us6000h519
2022-03-16T14:36:30.997Z,us6000h519,7.3,1,1,5.5,2022-03-16T15:52:29.990Z,us6000h53e
2022-03-16T14:43:43.790Z,us6000h6h6,5.3,1,1,5.5,2022-03-16T15:52:29.990Z,us6000h53e
2022-03-16T14:45:57.757Z,us6000h6h4,5,1,1,5.5,2022-03-16T15:52:29.990Z,us6000h53e
2022-03-16T14:46:30.074Z,us6000h6gi,5.2,1,1,5.5,2022-03-16T15:52:29.990Z,us6000h53e
2022-03-16T14:49:09.810Z,us6000h6h3,5.2,1,1,5.5,2022-03-16T15:52:29.990Z,us6000h53e
2022-03-16T14:51:25.720Z,us6000h6h5,4.6,1,1,5.5,2022-03-16T15:52:29.990Z,us6000h53e
2022-03-16T15:01:23.757Z,us6000h6gb,4.4,1,1,5.5,2022-03-16T15:52:29.990Z,us6000h53e
2022-03-16T15:13:02.580Z,us6000h6gc,4.2,1,1,5.5,2022-03-16T15:52:29.990Z,us6000h53e
2022-03-16T15:30:19.802Z,us6000h6gn,4.2,1,1,5.5,2022-03-16T15:52:29.990Z,us6000h53e
2022-03-16T15:52:29.990Z,us6000h53e,5.5,0,0,,,
2022-03-16T15:57:24.466Z,us6000h6h9,4.2,0,0,,,
2022-03-16T16:14:27.603Z,us6000h53m,4.4,0,0,,,
2022-03-16T17:05:49.972Z,us6000h54l,4.4,0,0,,,
2022-03-16T17:17:39.756Z,usd000h1ve,4.6,0,0,,,
2022-03-16T17:28:51.185Z,usd000h1vm,4.5,0,0,,,
2022-03-16T18:05:48.241Z,us6000h56g,4.2,0,0,,,
2022-03-16T21:36:39.184Z,us6000h6gp,4,0,0,,,
2022-03-16T23:40:15.436Z,us6000h6gy,4,0,0,,,
2022-03-17T00:02:08.415Z,us6000h6pf,4.2,0,0,,,
2022-03-17T00:25:50.139Z,us6000h59s,4.3,0,0,,,
2022-03-17T00:30:23.994Z,us6000h59k,4.1,0,0,,,
2022-03-17T01:11:53.617Z,us6000h59z,4.3,0,0,,,
2022-03-17T04:17:49.655Z,us6000h6pn,4,0,0,,,
2022-03-17T04:53:03.904Z,us6000h6pp,4.3,0,0,,,
2022-03-17T07:47:04.835Z,us6000h6qr,4.2,0,0,,,
2022-03-17T09:45:10.321Z,us6000h6q9,4.3,0,0,,,
2022-03-17T10:22:14.078Z,us6000h6qg,4.1,0,0,,,
2022-03-17T10:43:11.673Z,us6000h5cf,4.7,0,0,,,
2022-03-17T12:30:15.808Z,us6000h5d7,4.7,0,0,,,
2022-03-17T19:56:52.355Z,us6000h6r4,4.2,0,0,,,
2022-03-18T06:02:47.736Z,us7000gwp7,4.2,0,0,,,
2022-03-18T12:12:06.565Z,us6000h5pb,4.4,0,0,,,
2022-03-18T13:04:51.912Z,us6000h5pj,4.4,0,0,,,
2022-03-18T14:25:18.916Z,us6000h5px,5.1,0,0,,,
2022-03-18T15:57:48.457Z,us6000h5qm,5.1,0,0,,,
2022-03-19T01:17:40.721Z,us7000gwtg,4.3,0,0,,,
2022-03-19T02:11:37.857Z,us6000h5xi,4.6,0,0,,,
2022-03-19T12:07:30.213Z,us7000gwtz,4.2,0,0,,,
2022-03-19T23:26:41.852Z,us7000gwup,4.1,0,0,,,
2022-03-19T23:53:51.111Z,us6000h63k,4.6,0,0,,,
2022-03-20T01:11:39.250Z,us6000h63x,4.1,0,0,,,
2022-03-20T04:05:14.930Z,us7000gwxh,4.2,0,0,,,
2022-03-20T06:07:04.709Z,us7000gwxp,4.3,0,0,,,
2022-03-20T06:35:51.468Z,us7000gwxq,4.2,0,0,,,
2022-03-20T10:35:02.262Z,us6000h65z,4.5,0,0,,,
2022-03-20T13:13:18.569Z,us7000gwyd,4.5,0,0,,,
2022-03-20T16:46:00.652Z,us7000gwy8,4.4,0,0,,,
2022-03-20T23:44:01.171Z,us6000h6a8,4.4,0,0,,,
2022-03-21T00:06:52.426Z,us7000gx9g,4.1,0,0,,,
2022-03-21T01:43:33.624Z,us7000gx98,4.3,0,0,,,
2022-03-21T01:54:20.547Z,us7000gx9i,4.3,0,0,,,
2022-03-21T20:12:19.391Z,us6000h6ib,4.4,0,0,,,
2022-03-21T21:21:47.384Z,us7000gxaa,4.4,0,0,,,
2022-03-22T14:26:09.402Z,us6000h6mv,4.4,0,0,,,
2022-03-23T00:23:55.674Z,us6000h6un,4.5,0,0,,,
2022-03-23T01:30:56.946Z,us7000gy37,4.3,0,0,,,
2022-03-23T02:11:00.408Z,us7000gy3m,4.2,0,0,,,
2022-03-23T04:09:02.960Z,us6000h6vf,4.2,0,0,,,
2022-03-23T11:10:59.970Z,us6000h6wv,4.5,0,0,,,
2022-03-23T11:27:43.504Z,us6000h6x0,4.4,0,0,,,
2022-03-23T23:06:43.095Z,us7000gwq8,4.4,0,0,,,
2022-03-23T23:50:52.118Z,us7000gwqg,4.4,0,0,,,
2022-03-24T04:11:53.802Z,us7000gwrp,4.5,0,0,,,
2022-03-24T07:03:03.796Z,us7000gwsk,4.5,0,0,,,
2022-03-24T07:34:31.032Z,us7000gwzz,4.3,0,0,,,
2022-03-24T14:01:58.840Z,us7000gy66,4.3,0,0,,,
2022-03-25T01:01:12.326Z,us7000gx41,4.4,0,0,,,
2022-03-25T03:08:16.113Z,us7000gx4k,5.2,0,0,,,
2022-03-25T04:44:36.595Z,us7000gyg8,4.3,0,0,,,
2022-03-25T06:33:51.881Z,us7000gyg6,4.4,0,0,,,
2022-03-25T08:18:12.603Z,us7000gx6b,4.5,0,0,,,
2022-03-25T15:20:08.603Z,us7000gx88,4.7,0,0,,,
2022-03-25T17:32:23.032Z,us7000gx97,4.4,0,0,,,
2022-03-25T23:27:50.039Z,us7000gxek,4.6,0,0,,,
2022-03-26T03:36:43.140Z,us7000gyq0,4.4,0,0,,,
2022-03-26T04:15:12.607Z,us7000gyq3,4.3,0,0,,,
2022-03-26T20:08:50.214Z,us7000gyqn,4.2,0,0,,,
2022-03-26T23:15:31.808Z,us7000gxkc,5,0,0,,,
2022-03-27T03:06:10.854Z,us7000gxlh,4.1,0,0,,,
2022-03-27T11:12:09.671Z,us7000gxnj,4.4,0,0,,,
2022-03-27T13:54:09.556Z,us7000gxp1,4.6,0,0,,,
2022-03-27T17:48:13.672Z,us7000gxpx,4.3,0,0,,,
2022-03-28T16:36:29.339Z,us7000gxvm,4.6,0,0,,,
2022-03-29T15:18:19.260Z,us7000gy4z,4.6,0,0,,,
2022-03-29T16:00:45.659Z,us7000gy57,4.4,0,0,,,
2022-03-29T19:51:12.030Z,us7000gz1k,4.2,0,0,,,
2022-03-31T11:52:12.907Z,us7000gypa,4.8,0,0,,,
2022-03-31T14:34:13.077Z,us7000gypw,4.4,0,0,,,
2022-04-01T01:32:41.869Z,us7000gyup,5.1,0,0,,,
2022-04-01T22:36:30.940Z,us7000gz4j,4.3,0,0,,,
2022-04-02T02:46:00.397Z,us7000gz5h,4.2,0,0,,,
2022-04-02T07:27:14.840Z,us7000gz6g,4.6,0,0,,,
2022-04-02T09:33:51.067Z,us7000h0dx,4.3,0,0,,,
2022-04-02T11:16:45.311Z,us7000gz7b,4.8,0,0,,,
2022-04-02T11:24:12.080Z,us7000gz7d,4.4,0,0,,,
2022-04-02T13:42:24.470Z,us7000h0dw,4.5,0,0,,,
2022-04-02T20:16:54.903Z,us7000gz97,4.3,0,0,,,
2022-04-03T00:10:32.407Z,us7000gza2,4,0,0,,,
2022-04-03T05:15:48.732Z,us7000h0fj,4.1,0,0,,,
2022-04-03T14:30:21.131Z,us7000h0g1,4.5,0,0,,,
2022-04-04T01:26:23.745Z,us7000h0nf,4.4,0,0,,,
2022-04-04T10:29:03.977Z,us7000gzjc,5.4,0,0,,,
2022-04-04T13:29:53.536Z,us7000gzkp,4.8,0,0,,,
2022-04-04T13:31:44.988Z,us7000h0pd,4.5,0,0,,,
2022-04-05T02:24:46.326Z,us7000h0qa,4.4,0,0,,,
2022-04-05T15:03:54.004Z,us7000gzu9,4.8,0,0,,,
2022-04-06T06:18:33.249Z,us7000h03q,4.3,0,0,,,
2022-04-07T00:30:35.683Z,us7000h09l,4.6,0,0,,,
2022-04-07T20:29:09.604Z,us7000h0ie,4.6,0,0,,,
2022-04-07T22:57:25.846Z,us7000h0jp,4.3,0,0,,,
2022-04-08T02:27:19.140Z,us7000h0kk,4.1,0,0,,,
2022-04-08T13:04:56.676Z,us7000h0pv,4.4,0,0,,,
2022-04-08T17:11:59.515Z,us7000h1uj,4.4,0,0,,,
2022-04-09T19:11:46.128Z,us7000h1vv,4.2,0,0,,,
2022-04-10T08:30:23.879Z,us7000h122,4.7,0,0,,,
2022-04-10T09:43:15.488Z,us7000h126,5,0,0,,,
2022-04-12T01:10:17.980Z,us7000h291,4.3,0,0,,,
2022-04-12T16:07:54.334Z,us7000h1hl,4.5,0,0,,,
2022-04-13T09:31:37.013Z,us7000h3cy,4.1,0,0,,,
2022-04-14T03:31:40.602Z,us7000h3k1,4.4,0,0,,,
2022-04-14T03:40:07.665Z,us7000h220,4.5,0,0,,,
2022-04-14T18:25:31.174Z,us7000h2bg,4.5,0,0,,,
2022-04-15T22:33:57.966Z,us7000h2l1,4.6,0,0,,,
2022-04-17T11:11:17.004Z,us7000h2vx,4.3,0,0,,,
2022-04-17T16:08:03.029Z,us7000h2x7,4.5,0,0,,,
2022-04-17T19:50:44.921Z,us7000h2y6,4.4,0,0,,,
2022-04-18T04:26:46.367Z,us6000hfn3,4.3,0,0,,,
2022-04-18T10:33:32.495Z,us6000hfnf,4.2,0,0,,,
2022-04-18T18:49:14.523Z,us7000h34q,4.2,0,0,,,
2022-04-18T23:16:00.135Z,us7000h36f,5.3,0,0,,,
2022-04-19T02:57:13.778Z,us6000hflz,4.1,0,0,,,
2022-04-19T13:27:45.184Z,us6000hfm8,4.4,0,0,,,
2022-04-23T05:51:19.389Z,us6000hfsv,4.3,0,0,,,
2022-04-23T19:42:42.846Z,us6000hfwu,4.1,0,0,,,
2022-04-23T22:19:14.383Z,us6000hfxy,4.2,0,0,,,
2022-04-24T04:30:32.978Z,us6000hfzm,4.8,0,0,,,
2022-04-24T08:16:13.098Z,us6000hg0m,5.2,0,0,,,
2022-04-24T10:58:03.746Z,us7000h6la,4.3,0,0,,,
2022-04-24T15:39:57.176Z,us6000hg2e,4.7,0,0,,,
2022-04-25T22:43:41.646Z,us7000h6nb,4.1,0,0,,,
2022-04-26T07:55:24.345Z,us7000h6nr,4.3,0,0,,,
2022-04-26T11:31:47.286Z,us7000h6nv,4.1,0,0,,,
2022-04-26T21:09:06.850Z,us7000h6pd,4.2,0,0,,,
2022-04-27T00:12:49.235Z,us6000hgkb,4.6,0,0,,,
2022-04-27T05:41:42.667Z,us6000hglp,4.3,0,0,,,
2022-04-28T01:23:42.763Z,us7000h5if,4.6,0,0,,,
2022-04-28T03:47:35.490Z,us7000h7af,4.2,0,0,,,
2022-04-28T10:03:21.963Z,us7000h5l9,4.7,0,0,,,
2022-04-28T17:43:51.382Z,us7000h7b1,4.2,0,0,,,
2022-04-28T19:42:09.997Z,us7000h5q0,4.4,0,0,,,
2022-04-29T00:29:48.056Z,us7000h5rm,4.1,0,0,,,
2022-04-29T11:23:11.615Z,us7000h5ts,4.5,0,0,,,
2022-04-29T14:53:01.841Z,us7000h5un,4,0,0,,,
2022-04-29T19:26:14.277Z,us7000h7ir,4,0,0,,,
2022-04-30T09:06:45.541Z,us7000h61r,4.2,0,0,,,
2022-05-01T05:41:55.248Z,us7000h847,4.4,0,0,,,
2022-05-01T07:20:58.113Z,us7000h84g,4.1,0,0,,,
2022-05-01T21:38:11.141Z,us7000h698,4.5,0,0,,,
2022-05-02T03:14:28.349Z,us7000h6as,5.3,0,0,,,
2022-05-02T03:23:58.695Z,us7000h6ay,4.9,0,0,,,
2022-05-02T07:08:13.847Z,us7000h6bp,5.1,0,0,,,
2022-05-02T13:21:02.883Z,us7000h6db,4.3,0,0,,,
2022-05-03T06:39:41.918Z,us7000h8d7,4.4,0,0,,,
2022-05-03T10:39:57.036Z,us7000h6sf,4.8,0,0,,,
2022-05-03T13:04:28.150Z,us7000h8df,4.3,0,0,,,
2022-05-03T20:40:36.949Z,us7000h8dm,4.2,0,0,,,
2022-05-03T23:57:12.660Z,us7000h8dv,4.4,0,0,,,
2022-05-04T15:20:15.406Z,us7000h70g,4.2,0,0,,,
2022-05-05T05:55:02.090Z,us6000hklc,4.3,0,0,,,
2022-05-05T09:42:03.414Z,us7000h78s,5,0,0,,,
2022-05-06T02:29:47.542Z,us6000hktr,4.3,0,0,,,
2022-05-08T18:36:07.935Z,us7000h7z6,4.4,0,0,,,
2022-05-08T21:16:01.757Z,us6000hkx6,4.4,0,0,,,
2022-05-09T05:30:27.259Z,us6000hlhi,4.4,0,0,,,
2022-05-09T08:33:07.436Z,us7000h82x,5.3,0,0,,,
2022-05-09T16:57:42.093Z,us7000h85m,4.4,0,0,,,
2022-05-10T13:32:43.455Z,us7000h8bh,4.1,0,0,,,
2022-05-11T05:27:39.573Z,us7000h8ip,4.6,0,0,,,
2022-05-11T18:16:39.713Z,us6000hkey,4.4,0,0,,,
2022-05-11T23:44:12.891Z,us6000hm10,4.1,0,0,,,
2022-05-12T15:33:20.030Z,us6000hkkn,4.4,0,0,,,
2022-05-12T20:10:22.306Z,us6000hknq,4.4,0,0,,,
2022-05-13T15:47:26.527Z,us6000hkxr,4.6,0,0,,,
2022-05-14T10:48:33.855Z,us6000hl3i,4.6,0,0,,,
2022-05-14T22:28:34.250Z,us6000hl71,5.2,0,0,,,
2022-05-17T06:04:53.424Z,us6000hlq7,5.5,0,0,,,
2022-05-17T06:19:44.489Z,us6000hnbd,4.4,0,0,,,
2022-05-17T06:58:33.679Z,us6000hnbi,4.4,0,0,,,
2022-05-17T07:19:59.078Z,us6000hlqp,5.2,0,0,,,
2022-05-17T13:17:52.144Z,us6000hlry,5.5,0,0,,,
2022-05-17T13:46:30.119Z,us6000hls5,4.4,0,0,,,
2022-05-17T13:53:52.934Z,us6000hnbr,4.4,0,0,,,
2022-05-17T14:57:29.773Z,us6000hnc8,4.4,0,0,,,
2022-05-17T21:17:18.206Z,us6000hlvf,5.2,0,0,,,
2022-05-18T03:52:25.111Z,us6000hlxg,5.6,0,0,,,
2022-05-19T00:14:53.410Z,us6000hm5w,4.5,0,0,,,
2022-05-19T10:36:46.656Z,us7000hcfm,4.6,0,0,,,
2022-05-19T11:15:06.761Z,us6000hmaz,4.9,0,0,,,
2022-05-20T09:12:17.447Z,us7000hcp1,4.4,0,0,,,
2022-05-20T10:58:17.543Z,us7000hcp5,4.1,0,0,,,
2022-05-20T11:46:52.136Z,us7000hcpa,4.4,0,0,,,
2022-05-20T17:44:44.154Z,us7000hcpf,4.1,0,0,,,
2022-05-21T00:08:03.549Z,us7000hcr4,4.3,0,0,,,
2022-05-21T23:15:32.039Z,us7000hcrw,4.2,0,0,,,
2022-05-22T03:24:11.946Z,us6000hn0i,5.4,0,0,,,
2022-05-22T12:22:15.701Z,us6000hn3v,4.7,1,1,6.0,2022-05-22T15:17:31.327Z,us6000hn4d
2022-05-22T15:17:31.327Z,us6000hn4d,6,0,0,,,
2022-05-22T15:42:33.147Z,us6000hn4j,4.3,0,0,,,
2022-05-22T15:56:24.150Z,us7000hd1l,4.2,0,0,,,
2022-05-22T16:46:22.285Z,us6000hn4t,4.5,0,0,,,
2022-05-22T16:57:21.872Z,us6000hn4w,5,0,0,,,
2022-05-22T17:20:14.863Z,us6000hn50,4.9,0,0,,,
2022-05-22T23:20:22.207Z,us6000hn6b,4,1,1,5.5,2022-05-23T02:01:05.931Z,us6000hn6m
2022-05-23T02:01:05.931Z,us6000hn6m,5.5,0,0,,,
2022-05-23T17:37:52.061Z,us7000hbz8,4.3,0,0,,,
2022-05-23T21:05:05.064Z,us7000hc1b,4.2,0,0,,,
2022-05-23T22:12:50.986Z,us7000hc1s,4.3,0,0,,,
2022-05-24T03:43:24.133Z,us7000hc3m,4.2,0,0,,,
2022-05-24T06:56:20.949Z,us7000hd3p,4.2,0,0,,,
2022-05-24T18:04:00.640Z,us7000hd44,4.1,0,0,,,
2022-05-25T07:09:17.952Z,us7000hcdb,4.2,0,0,,,
2022-05-25T08:35:30.869Z,us7000hcdm,4.4,0,0,,,
2022-05-25T09:13:47.487Z,us7000hdm3,4.3,0,0,,,
2022-05-26T05:46:04.434Z,us7000hdud,4,0,0,,,
2022-05-27T08:59:34.208Z,us7000hd0b,4.8,0,0,,,
2022-05-28T08:07:11.887Z,us7000hd8h,4.7,0,0,,,
2022-05-28T10:05:49.699Z,us7000hd93,4.6,0,0,,,
2022-05-29T06:55:23.553Z,us7000hddw,5.1,0,0,,,
2022-05-29T07:00:32.416Z,us7000hedl,4.4,0,0,,,
2022-05-31T05:42:45.957Z,us7000henc,4.2,0,0,,,
2022-05-31T17:23:03.632Z,us7000henn,4,0,0,,,
2022-06-01T01:19:43.918Z,us7000hdzi,4.5,0,0,,,
2022-06-01T08:03:37.415Z,us7000he19,4.4,0,0,,,
2022-06-01T15:40:27.014Z,us7000hfc0,4.4,0,0,,,
2022-06-01T19:42:55.548Z,us7000he6c,4.5,0,0,,,
2022-06-01T22:48:34.305Z,us7000hfca,4.1,0,0,,,
2022-06-02T19:08:38.096Z,us7000hfls,4.4,0,0,,,
2022-06-04T01:54:31.047Z,us7000hg6l,4,0,0,,,
2022-06-04T08:30:25.972Z,us7000hg6z,4.2,0,0,,,
2022-06-04T18:48:42.245Z,us7000hf0c,4.6,0,0,,,
2022-06-05T10:33:22.554Z,us7000hf4r,4.5,0,0,,,
2022-06-05T16:35:14.727Z,us7000hf6j,4.5,0,0,,,
2022-06-06T21:19:51.423Z,us7000hgh3,4.4,0,0,,,
2022-06-07T10:54:49.884Z,us7000hgi2,4.2,0,0,,,
2022-06-08T17:26:54.619Z,us7000hfyp,4.7,0,0,,,
2022-06-08T20:56:51.612Z,us7000hg19,4.2,0,0,,,
2022-06-09T00:27:33.841Z,us7000hg27,4.5,0,0,,,
2022-06-09T01:14:15.745Z,us7000hg3m,4.3,0,0,,,
2022-06-09T02:49:31.996Z,us7000hhbs,4.3,0,0,,,
2022-06-09T23:14:31.852Z,us7000hhct,4.1,0,0,,,
2022-06-10T00:52:43.560Z,us7000hhk2,4.2,0,0,,,
2022-06-10T02:14:06.049Z,us7000hgct,4.9,0,0,,,
2022-06-11T02:36:47.089Z,us7000hhss,4,0,0,,,
2022-06-11T22:37:36.092Z,us7000hhu2,4.1,0,0,,,
2022-06-12T05:49:27.251Z,us7000hgvf,4,0,0,,,
2022-06-12T12:45:50.153Z,us7000hgx3,4.9,0,0,,,
2022-06-12T16:57:38.593Z,us7000hhw0,4.4,0,0,,,
2022-06-13T14:08:18.044Z,us7000hi4j,4.3,0,0,,,
2022-06-14T02:17:49.692Z,us7000hh7v,4.5,0,0,,,
2022-06-14T12:08:32.897Z,us7000hi5k,4.2,0,0,,,
2022-06-14T12:15:50.174Z,us7000hi5j,4.3,0,0,,,
2022-06-14T16:33:46.745Z,us7000hhdw,4.4,0,0,,,
2022-06-16T15:51:26.150Z,us7000hhvk,4.9,0,0,,,
2022-06-16T16:26:23.924Z,us7000hhwp,4.4,0,0,,,
2022-06-16T23:17:21.857Z,us7000hj1i,4.3,0,0,,,
2022-06-17T10:53:51.950Z,us7000hi32,4.4,0,0,,,
2022-06-17T14:35:38.061Z,us7000hi4y,4.9,0,0,,,
2022-06-17T19:05:03.825Z,us7000hi7l,4,0,0,,,
2022-06-17T20:32:02.199Z,us7000hi88,4.2,0,0,,,
2022-06-19T06:08:06.557Z,us7000hihq,5.1,0,0,,,
2022-06-19T09:27:56.509Z,us7000hiig,4.6,0,0,,,
2022-06-19T14:09:14.056Z,us7000hijh,4.1,0,0,,,
2022-06-19T20:26:32.094Z,us7000hikw,5,0,0,,,
2022-06-20T00:18:23.378Z,us7000him1,4.3,0,0,,,
2022-06-20T01:31:33.148Z,us7000himd,4.9,0,0,,,
2022-06-20T04:51:55.811Z,us7000hin7,4.1,0,0,,,
2022-06-20T05:50:12.874Z,us7000hjxa,4.1,0,0,,,
2022-06-21T01:42:50.445Z,us7000hivv,4.2,0,0,,,
2022-06-21T10:04:57.286Z,us7000hjyx,4.1,0,0,,,
2022-06-22T04:24:59.937Z,us7000hj6u,4.3,0,0,,,
2022-06-22T04:54:21.657Z,us7000hkkt,4.4,0,0,,,
2022-06-22T06:26:33.064Z,us7000hj8v,4.4,0,0,,,
2022-06-22T17:19:31.698Z,us7000hkl1,4.3,0,0,,,
2022-06-24T00:26:46.759Z,us6000hyki,4.6,0,0,,,
2022-06-24T19:58:17.138Z,us6000hylh,4,0,0,,,
2022-06-25T04:59:03.541Z,us6000hysu,4.2,0,0,,,
2022-06-25T22:25:21.245Z,us6000hyti,4.2,0,0,,,
2022-06-26T05:50:58.979Z,us7000hkbf,4.5,0,0,,,
2022-06-26T12:44:48.956Z,us7000hkdf,4.6,0,0,,,
2022-06-26T21:34:35.591Z,us7000hkg0,4.5,0,0,,,
2022-06-27T04:57:54.298Z,us7000hkhy,4,0,0,,,
2022-06-27T20:03:04.100Z,us7000hknv,4.9,0,0,,,
2022-06-28T02:23:23.584Z,us7000hkr9,4.4,0,0,,,
2022-06-28T14:57:14.651Z,us6000hz50,4.3,0,0,,,
2022-06-30T03:58:59.835Z,us6000hypy,4.4,0,0,,,
2022-06-30T05:14:56.328Z,us6000hyq7,4.6,0,0,,,
2022-06-30T22:03:55.178Z,us6000hyz0,4.1,0,0,,,
2022-07-02T01:59:45.250Z,us6000hzas,5.9,0,0,,,
2022-07-02T12:53:31.403Z,us6000hzdw,4.9,0,0,,,
2022-07-02T17:10:22.575Z,us6000hzex,4.1,0,0,,,
2022-07-02T18:49:57.393Z,us6000hzfe,4.9,0,0,,,
2022-07-05T00:51:18.549Z,us6000hzwc,4.6,0,0,,,
2022-07-05T08:52:41.082Z,us6000hzyq,4.7,0,0,,,
2022-07-05T20:10:25.994Z,us6000i03g,5.3,0,0,,,
2022-07-05T21:51:42.312Z,us6000i04w,4.1,0,0,,,
2022-07-05T22:20:57.717Z,us6000i04v,4.9,0,0,,,
2022-07-05T22:57:37.361Z,us6000i054,4.8,0,0,,,
2022-07-06T04:02:10.895Z,us6000i06x,4.6,0,0,,,
2022-07-07T08:03:03.072Z,us6000i0h8,4.5,0,0,,,
2022-07-07T10:33:19.889Z,us6000i23q,4.5,0,0,,,
2022-07-07T21:03:32.282Z,us6000i23y,4,0,0,,,
2022-07-08T17:20:33.133Z,us6000i2pm,4.3,0,0,,,
2022-07-09T01:12:05.801Z,us6000i13v,4.8,0,0,,,
2022-07-09T03:28:55.980Z,us6000i154,4.3,0,0,,,
2022-07-09T09:26:36.300Z,us6000i16g,4.4,0,0,,,
2022-07-09T11:10:57.716Z,us6000i176,4.3,0,0,,,
2022-07-10T13:16:58.165Z,us6000i3gk,4.4,0,0,,,
2022-07-11T17:51:25.561Z,us6000i1le,4.1,0,0,,,
2022-07-12T03:08:55.527Z,us6000i1qp,4.7,0,0,,,
2022-07-13T20:34:12.372Z,us7000hsfn,4.3,0,0,,,
2022-07-13T21:17:55.604Z,us6000i27y,4.3,0,0,,,
2022-07-14T02:56:32.250Z,us6000i2ad,4.5,0,0,,,
2022-07-15T22:25:31.373Z,us7000hsr4,4.4,0,0,,,
2022-07-15T23:01:55.547Z,us6000i2wf,4.5,0,0,,,
2022-07-16T01:58:53.673Z,us7000htcb,4.5,0,0,,,
2022-07-16T23:36:20.203Z,us6000i34h,4.2,0,0,,,
2022-07-16T23:45:46.600Z,us6000i34j,4.4,0,0,,,
2022-07-17T05:55:02.116Z,us7000htjr,4.1,0,0,,,
2022-07-17T16:15:43.162Z,us6000i39x,4.6,0,0,,,
2022-07-19T10:15:35.060Z,us6000i66x,4.2,0,0,,,
2022-07-20T00:59:28.931Z,us7000hrzt,4.5,0,0,,,
2022-07-20T23:50:31.173Z,us7000hs9t,4.5,0,0,,,
2022-07-21T09:44:40.572Z,us7000hsct,4.6,0,0,,,
2022-07-22T03:01:57.418Z,us7000hskb,5.2,0,0,,,
2022-07-24T08:29:52.604Z,us7000ht3z,4.5,0,0,,,
2022-07-25T05:46:29.004Z,us7000ht9a,4.6,0,0,,,
2022-07-25T09:13:18.353Z,us7000hta6,4.6,0,0,,,
2022-07-25T19:34:50.191Z,us6000i82n,4.1,0,0,,,
2022-07-26T15:34:52.797Z,us6000i8c7,4.4,0,0,,,
2022-07-28T19:52:27.254Z,us6000i69v,5.4,0,0,,,
2022-07-28T21:09:29.993Z,us6000i6b8,4.1,0,0,,,
2022-07-28T21:36:14.441Z,us6000i6bd,4,0,0,,,
2022-07-28T22:55:33.521Z,us6000i6bx,4.4,0,0,,,
2022-07-28T23:27:03.206Z,us6000i6c2,4.7,0,0,,,
2022-07-29T00:07:17.792Z,us6000i6cn,4.6,0,0,,,
2022-07-29T08:23:36.797Z,us6000i93u,4.1,0,0,,,
2022-07-29T14:40:34.795Z,us6000i945,4.2,0,0,,,
2022-07-29T16:39:16.240Z,us6000i6k0,5.1,0,0,,,
2022-07-29T17:53:49.604Z,us6000i94d,4.1,0,0,,,
2022-07-29T18:00:56.353Z,us6000i6l8,5.3,0,0,,,
2022-07-29T18:07:12.308Z,us6000i94f,4.3,0,0,,,
2022-07-29T18:08:01.318Z,us6000i94m,4.3,0,0,,,
2022-07-29T18:11:28.835Z,us6000i6ll,4.3,0,0,,,
2022-07-29T18:16:33.152Z,us6000i6lj,4.6,0,0,,,
2022-07-29T18:21:12.789Z,us6000i6lp,4.3,0,0,,,
2022-07-29T19:22:38.214Z,us6000i6m4,4.3,0,0,,,
2022-07-29T19:49:33.353Z,us6000i6md,5.2,0,0,,,
2022-07-29T20:19:03.064Z,us6000i6mk,4.3,0,0,,,
2022-07-29T20:38:54.794Z,us6000i94i,4.2,0,0,,,
2022-07-29T20:42:27.154Z,us6000i6mu,4.7,0,0,,,
2022-07-29T21:17:24.600Z,us6000i6n6,4.8,0,0,,,
2022-07-30T00:55:38.588Z,us6000i6ps,4,0,0,,,
2022-07-30T01:48:07.006Z,us6000i6pw,4.2,0,0,,,
2022-07-30T06:05:26.930Z,us6000i6qp,4.8,0,0,,,
2022-07-30T08:53:03.848Z,us6000i6rd,4.1,0,0,,,
2022-07-31T06:07:16.713Z,us6000i9ps,4.1,0,0,,,
2022-07-31T07:30:50.337Z,us6000i6xd,4.5,0,0,,,
2022-07-31T12:08:09.141Z,us6000i9py,4.3,0,0,,,
2022-07-31T14:43:57.823Z,us6000i6zj,4.7,0,0,,,
2022-07-31T14:44:44.290Z,us6000i9qp,4.4,0,0,,,
2022-07-31T14:47:09.669Z,us6000i9qa,4.4,0,0,,,
2022-07-31T14:51:49.043Z,us6000i9pz,4.4,0,0,,,
2022-07-31T15:24:11.941Z,us6000i6zp,4.5,0,0,,,
2022-07-31T15:40:16.652Z,us6000i6zt,4.6,0,0,,,
2022-07-31T16:07:53.723Z,us6000i6zy,4.4,0,0,,,
2022-07-31T16:09:57.074Z,us6000i9q3,4.6,0,0,,,
2022-07-31T18:48:28.209Z,us6000i70w,5,0,0,,,
2022-07-31T18:50:12.271Z,us6000i70n,5.3,0,0,,,
2022-07-31T19:15:33.841Z,us6000i711,4.3,0,0,,,
2022-07-31T20:16:16.482Z,us6000i718,4.4,0,0,,,
2022-08-02T06:25:13.310Z,us6000i7dm,4.3,0,0,,,
2022-08-02T17:59:41.062Z,us6000i7in,4.3,0,0,,,
2022-08-02T23:47:11.490Z,us6000i7ld,4.2,0,0,,,
2022-08-03T02:47:18.712Z,us6000ia90,4.2,0,0,,,
2022-08-03T06:01:36.763Z,us6000i7p6,4.4,0,0,,,
2022-08-03T07:30:03.978Z,us6000ia99,4,0,0,,,
2022-08-03T14:24:36.024Z,us6000ia9p,4.2,0,0,,,
2022-08-03T17:54:55.270Z,us6000ia9y,4.1,0,0,,,
2022-08-04T00:14:17.372Z,us6000i7wc,4.2,0,0,,,
2022-08-04T00:48:17.687Z,us6000i7wm,5.4,1,1,5.7,2022-08-04T03:39:45.898Z,us6000i7xr
2022-08-04T03:26:33.801Z,us6000i7xn,4.4,1,1,5.7,2022-08-04T03:39:45.898Z,us6000i7xr
2022-08-04T03:29:56.901Z,us6000i7xm,4.9,1,1,5.7,2022-08-04T03:39:45.898Z,us6000i7xr
2022-08-04T03:36:22.542Z,us6000i7xq,5.3,1,1,5.7,2022-08-04T03:39:45.898Z,us6000i7xr
2022-08-04T03:38:41.600Z,us6000ib1m,5,1,1,5.7,2022-08-04T03:39:45.898Z,us6000i7xr
2022-08-04T03:39:45.898Z,us6000i7xr,5.7,0,0,,,
2022-08-04T03:45:30.814Z,us6000ib1f,4.4,0,0,,,
2022-08-04T03:51:08.920Z,us6000i7yt,4.5,0,0,,,
2022-08-04T03:51:28.231Z,us6000i7y3,5,0,0,,,
2022-08-04T03:57:35.434Z,us6000ib2k,4,0,0,,,
2022-08-04T03:57:59.910Z,us6000i7yx,4.8,0,0,,,
2022-08-04T04:27:13.774Z,us6000ib1n,4.4,0,0,,,
2022-08-04T04:27:53.780Z,us6000ib2i,4.1,0,0,,,
2022-08-04T04:28:18.886Z,us6000i7yw,4.8,0,0,,,
2022-08-04T06:50:07.761Z,us6000ib1q,4.4,0,0,,,
2022-08-04T06:52:55.776Z,us6000i7zq,4.5,0,0,,,
2022-08-04T07:03:12.674Z,us6000i7zr,4.3,0,0,,,
2022-08-04T08:52:38.170Z,us6000i803,4.4,0,0,,,
2022-08-04T10:54:56.829Z,us6000i808,4.6,0,0,,,
2022-08-04T12:59:13.688Z,us6000ib1r,4.2,0,0,,,
2022-08-04T14:40:25.623Z,us6000i818,4.7,0,0,,,
2022-08-04T14:41:20.628Z,us6000i814,5,0,0,,,
2022-08-04T14:58:16.816Z,us6000ib1w,4.3,0,0,,,
2022-08-04T15:54:43.353Z,us6000i81y,4.4,0,0,,,
2022-08-04T17:28:29.829Z,us6000i838,4.5,0,0,,,
2022-08-04T17:30:05.947Z,us6000ib24,4.3,0,0,,,
2022-08-04T17:34:57.424Z,us6000i83a,5.1,0,0,,,
2022-08-04T17:38:05.941Z,us6000ib2c,4.4,0,0,,,
2022-08-04T17:48:56.414Z,us6000ib23,4.2,0,0,,,
2022-08-04T18:06:17.358Z,us6000i83n,5.1,0,0,,,
2022-08-04T18:07:03.347Z,us6000i8ea,5,0,0,,,
2022-08-04T19:23:54.400Z,us6000ib2f,4.5,0,0,,,
2022-08-04T19:29:25.523Z,us6000i856,4.4,0,0,,,
2022-08-05T08:26:20.500Z,us6000i8b7,4.3,0,0,,,
2022-08-05T11:34:33.637Z,us6000i8d6,4.9,0,0,,,
2022-08-05T20:06:26.011Z,us6000i8i7,4.5,0,0,,,
2022-08-06T09:42:38.199Z,us6000i8m3,4.7,0,0,,,
2022-08-06T12:23:46.965Z,us6000i8mk,5,0,0,,,
2022-08-06T12:43:50.832Z,us6000i8mm,4.8,0,0,,,
2022-08-06T12:45:09.890Z,us6000ibbp,4.8,0,0,,,
2022-08-06T12:53:34.787Z,us6000ibbq,4.4,0,0,,,
2022-08-06T13:19:33.955Z,us6000i8n0,4.6,0,0,,,
2022-08-06T14:52:34.498Z,us6000i8nc,4.6,0,0,,,
2022-08-07T05:21:25.770Z,us6000ibcb,4.2,0,0,,,
2022-08-07T08:49:39.176Z,us6000i8uy,4.2,0,0,,,
2022-08-07T12:52:36.064Z,us6000i8vs,4.6,1,1,5.9,2022-08-07T13:40:42.835Z,us6000i8vz
2022-08-07T13:40:42.835Z,us6000i8vz,5.9,0,0,,,
2022-08-07T15:29:33.139Z,us6000i8wl,4.4,0,0,,,
2022-08-07T17:10:40.078Z,us6000i8x7,4.7,0,0,,,
2022-08-07T18:15:00.495Z,us6000i8xe,4.4,0,0,,,
2022-08-07T22:19:11.434Z,us6000ibcy,4.1,0,0,,,
2022-08-07T22:57:13.983Z,us6000i8yl,4.8,0,0,,,
2022-08-08T00:46:16.809Z,us6000i8yv,4.3,0,0,,,
2022-08-08T00:47:45.674Z,us6000ible,4.3,0,0,,,
2022-08-08T02:27:44.935Z,us6000iblg,4.4,0,0,,,
2022-08-08T14:50:45.722Z,us6000ibly,4.3,0,0,,,
2022-08-08T17:31:35.825Z,us6000iblu,4.1,0,0,,,
2022-08-09T08:03:12.931Z,us6000ibvt,4.3,0,0,,,
2022-08-09T15:48:16.292Z,us6000i9f4,4.5,0,0,,,
2022-08-09T17:01:37.651Z,us6000i9fn,4,0,0,,,
2022-08-10T15:35:18.640Z,us6000i9qy,4.8,0,0,,,
2022-08-10T15:52:58.650Z,us6000i9r3,5.1,0,0,,,
2022-08-10T17:14:54.896Z,us6000i9ri,4.5,0,0,,,
2022-08-11T17:35:31.632Z,us6000ic5x,4.4,0,0,,,
2022-08-12T00:48:01.467Z,us6000ia30,4.4,0,0,,,
2022-08-12T04:10:43.225Z,us6000ics9,4.3,0,0,,,
2022-08-12T04:37:52.729Z,us6000ia40,4.5,0,0,,,
2022-08-12T12:11:00.648Z,us6000ia82,4.6,0,0,,,
2022-08-13T21:57:46.106Z,us6000iam0,4.6,0,0,,,
2022-08-15T16:29:25.145Z,us6000ib42,4.2,0,0,,,
2022-08-15T19:21:15.369Z,us6000ib52,4.7,0,0,,,
2022-08-15T20:21:19.153Z,us6000ib5n,4.4,0,0,,,
2022-08-16T08:16:14.120Z,us6000ib93,4.5,0,0,,,
2022-08-16T09:54:38.141Z,us6000ib9m,4,0,0,,,
2022-08-16T10:39:54.057Z,us6000ib9s,5.1,0,0,,,
2022-08-16T10:59:33.429Z,us6000ib9v,5,0,0,,,
2022-08-16T12:51:04.154Z,us6000ibas,4.6,0,0,,,
2022-08-16T14:37:34.818Z,us6000ibb7,4.8,0,0,,,
2022-08-16T15:04:51.239Z,us7000i2bx,4.4,0,0,,,
2022-08-17T04:24:44.961Z,us6000ibi3,5.6,0,0,,,
2022-08-17T07:37:44.578Z,us7000i2kw,4.3,0,0,,,
2022-08-17T12:17:04.238Z,us6000ibjq,4.3,0,0,,,
2022-08-17T13:04:05.349Z,us7000i2lr,4.4,0,0,,,
2022-08-17T13:25:59.009Z,us6000ibky,4.9,0,0,,,
2022-08-18T02:41:22.646Z,us7000i2m3,4.1,0,0,,,
2022-08-18T04:06:45.411Z,us6000ibs8,4.9,0,0,,,
2022-08-18T05:46:08.524Z,us6000ibsp,5.1,0,0,,,
2022-08-19T16:35:59.336Z,us6000ic6e,4.5,0,0,,,
2022-08-19T18:36:37.514Z,us6000ic7d,4.6,0,0,,,
2022-08-21T00:23:02.957Z,us7000i3pk,4,0,0,,,
2022-08-21T02:51:52.414Z,us6000icgr,4.2,0,0,,,
2022-08-22T21:04:56.609Z,us6000icvt,4.5,0,0,,,
2022-08-23T13:53:41.411Z,us6000id0q,4.4,0,0,,,
2022-08-23T17:20:06.779Z,us7000i1u1,4.5,0,0,,,
2022-08-24T16:21:44.132Z,us7000i23f,4.4,0,0,,,
2022-08-24T23:27:48.434Z,us7000i26u,4.3,0,0,,,
2022-08-25T02:09:11.500Z,us7000i281,4.4,0,0,,,
2022-08-25T23:48:30.551Z,us7000i2h1,4.6,0,0,,,
2022-08-27T13:44:08.415Z,us7000i4pm,4.5,0,0,,,
2022-08-28T00:54:51.046Z,us7000i2zw,5.2,0,0,,,
2022-08-28T01:03:37.368Z,us7000i300,4.7,0,0,,,
2022-08-28T02:01:10.656Z,us7000i5e9,4.1,0,0,,,
2022-08-28T02:44:02.626Z,us7000i5ea,4.5,0,0,,,
2022-08-28T03:04:04.874Z,us7000i30t,4.4,0,0,,,
2022-08-28T18:11:22.159Z,us7000i5f2,4.3,0,0,,,
2022-08-29T17:20:57.526Z,us7000i3g5,4.3,0,0,,,
2022-08-29T22:14:14.728Z,us7000i5qp,4.1,0,0,,,
2022-08-30T01:26:57.257Z,us7000i60g,4.1,0,0,,,
2022-08-31T16:07:07.559Z,us7000i41g,4.1,0,0,,,
2022-08-31T17:47:51.342Z,us7000i432,4.2,0,0,,,
2022-09-01T05:24:34.258Z,us6000ii7b,4.3,0,0,,,
2022-09-01T11:21:10.788Z,us7000i4aa,4.9,0,0,,,
2022-09-02T00:05:57.388Z,us7000i4ia,4.5,0,0,,,
2022-09-02T06:41:34.125Z,us6000iif8,4,0,0,,,
2022-09-02T20:24:39.797Z,us7000i4s2,4.5,0,0,,,
2022-09-02T23:41:13.820Z,us7000i4ts,4.8,0,0,,,
2022-09-02T23:56:46.192Z,us7000i4u0,4.9,0,0,,,
2022-09-03T02:54:51.333Z,us7000i4ur,4.6,0,0,,,
2022-09-04T06:10:09.107Z,us7000i52g,4.5,0,0,,,
2022-09-04T06:46:17.106Z,us7000i52i,4.7,0,0,,,
2022-09-04T12:55:19.710Z,us7000i54d,4.4,0,0,,,
2022-09-04T14:11:10.458Z,us7000i54w,4.7,0,0,,,
2022-09-04T14:58:22.340Z,us7000i552,5.2,0,0,,,
2022-09-04T15:04:33.923Z,us7000i7dw,4.4,0,0,,,
2022-09-04T19:53:59.197Z,us7000i56h,5.2,0,0,,,
2022-09-05T01:52:42.207Z,us7000i7mf,4.4,0,0,,,
2022-09-05T03:29:43.980Z,us7000i59b,4.9,0,0,,,
2022-09-05T22:27:54.360Z,us7000i7nc,4.4,0,0,,,
2022-09-06T01:18:18.865Z,us7000i5il,4.1,0,0,,,
2022-09-06T01:42:58.048Z,us7000i5is,4.7,0,0,,,
2022-09-06T01:55:07.042Z,us7000i7x0,4.4,0,0,,,
2022-09-06T07:31:43.271Z,us7000i7xc,4.7,0,0,,,
2022-09-06T14:29:56.666Z,us7000i5pe,4.9,0,0,,,
2022-09-06T19:00:01.782Z,us7000i5sr,4.6,0,0,,,
2022-09-06T22:39:32.788Z,us7000i5up,4.5,0,0,,,
2022-09-07T14:13:34.649Z,us7000i81h,4.3,0,0,,,
2022-09-08T08:36:38.896Z,us6000ii3b,4.3,0,0,,,
2022-09-09T09:55:04.014Z,us6000iidq,4.5,0,0,,,
2022-09-11T21:21:53.762Z,us7000i78n,5,0,0,,,
2022-09-12T04:39:15.724Z,us7000i7af,5,0,0,,,
2022-09-13T00:51:59.580Z,us7000i7i8,5.2,0,0,,,
2022-09-13T11:04:14.036Z,us7000i9tv,4.3,0,0,,,
2022-09-13T11:58:57.694Z,us7000i7lx,4.3,0,0,,,
2022-09-14T11:24:04.099Z,us7000i9x1,4.5,0,0,,,
2022-09-15T16:09:27.685Z,us7000i8bk,4.4,0,0,,,
2022-09-16T01:32:08.520Z,us7000ia7e,4.4,0,0,,,
2022-09-16T01:33:40.689Z,us7000ia7f,4.3,0,0,,,
2022-09-17T08:07:49.730Z,us7000iaf4,4.2,0,0,,,
2022-09-17T13:15:57.673Z,us7000i8ub,4.3,0,0,,,
2022-09-18T02:09:46.282Z,us7000i8yp,4.8,0,0,,,
2022-09-18T18:12:06.000Z,us7000i948,4.6,0,0,,,
2022-09-18T23:49:55.431Z,us7000i95p,4.2,0,0,,,
2022-09-19T20:55:52.409Z,us7000i9d8,4.5,0,0,,,
2022-09-20T00:06:34.115Z,us7000i9ej,4.6,0,0,,,
2022-09-21T22:17:02.915Z,us6000inzy,4.4,0,0,,,
2022-09-21T22:24:40.831Z,us7000ia0q,5,0,0,,,
2022-09-21T22:36:52.155Z,us7000ia0s,4.8,0,0,,,
2022-09-21T23:09:44.708Z,us6000ip02,4.3,0,0,,,
2022-09-23T00:53:50.787Z,us7000iac2,4.7,0,0,,,
2022-09-24T01:00:17.165Z,us7000iaml,4.5,0,0,,,
2022-09-24T03:36:09.246Z,us7000iani,4,0,0,,,
2022-09-24T06:16:52.879Z,us7000iapf,4.4,0,0,,,
2022-09-24T22:31:22.544Z,us6000ipd7,4.4,0,0,,,
2022-09-25T13:35:22.085Z,us7000iaxu,4.3,0,0,,,
2022-09-26T09:03:37.962Z,us6000ippg,4.3,0,0,,,
2022-09-26T14:13:46.077Z,us6000ippv,4.5,0,0,,,
2022-09-26T16:05:23.285Z,us7000ib5i,5,0,0,,,
2022-09-27T14:53:41.723Z,us6000innx,4.3,0,0,,,
2022-09-27T15:24:48.796Z,us6000inpd,4.4,0,0,,,
2022-09-27T17:22:54.999Z,us6000iqha,4.3,0,0,,,
2022-09-28T09:24:06.096Z,us6000iqri,4.4,0,0,,,
2022-09-28T10:32:16.802Z,us6000inye,4.5,0,0,,,
2022-09-28T10:46:54.297Z,us6000iqte,4.2,0,0,,,
2022-09-28T10:47:08.745Z,us6000iqrm,4.3,0,0,,,
2022-09-28T20:10:43.819Z,us6000iqss,4.4,0,0,,,
2022-09-28T21:48:22.101Z,us6000iqsy,4.2,0,0,,,
2022-09-29T15:03:38.963Z,us6000ipci,4.7,0,0,,,
2022-09-30T02:19:52.085Z,us6000iphu,4.9,0,0,,,
2022-09-30T05:58:37.180Z,us6000ipj9,4.3,0,0,,,
2022-10-01T00:03:55.014Z,us6000irj3,4.6,0,0,,,
2022-10-01T02:40:06.723Z,us6000iriv,4,0,0,,,
2022-10-01T15:02:32.377Z,us6000iq08,5.7,0,0,,,
2022-10-02T17:33:14.699Z,us6000irtz,4.3,0,0,,,
2022-10-02T22:35:22.074Z,us6000iru9,4.1,0,0,,,
2022-10-02T22:45:34.700Z,us6000iqan,4.5,0,0,,,
2022-10-02T23:51:41.384Z,us6000iruc,4.1,0,0,,,
2022-10-03T03:07:15.262Z,us6000irut,4.4,0,0,,,
2022-10-03T16:39:18.362Z,us6000iqfl,4.3,0,0,,,
2022-10-05T19:04:11.936Z,us6000ir61,4.8,0,0,,,
2022-10-06T18:14:16.843Z,us6000irlq,4.5,0,0,,,
2022-10-06T20:09:27.610Z,us6000irmi,4.8,0,0,,,
2022-10-09T04:37:58.324Z,us6000is7y,4.5,0,0,,,
2022-10-09T07:19:54.115Z,us6000is8l,4,0,0,,,
2022-10-10T00:02:59.585Z,us6000isdf,4.9,0,0,,,
2022-10-10T00:26:17.442Z,us6000isdk,4.6,0,0,,,
2022-10-11T03:05:15.822Z,us6000iubv,4.5,0,0,,,
2022-10-11T08:17:44.648Z,us6000isnw,4.7,0,0,,,
2022-10-11T11:28:02.074Z,us6000ispl,4.7,0,0,,,
2022-10-11T13:26:25.959Z,us6000iucd,4.5,0,0,,,
2022-10-11T14:49:34.398Z,us6000iuch,4.4,0,0,,,
2022-10-11T18:57:36.411Z,us6000issy,4.4,0,0,,,
2022-10-11T20:28:55.099Z,us6000istt,4.9,0,0,,,
2022-10-12T01:10:12.297Z,us6000isw3,4.3,0,0,,,
2022-10-12T03:51:02.661Z,us6000iujb,4.1,0,0,,,
2022-10-12T04:45:03.869Z,us6000iujd,4.4,0,0,,,
2022-10-12T19:58:31.667Z,us6000iuju,4.1,0,0,,,
2022-10-13T06:57:01.728Z,us6000iuv3,4.3,0,0,,,
2022-10-13T22:30:53.913Z,us6000iuvf,4.6,0,0,,,
2022-10-14T06:05:44.904Z,us6000iv4l,4.2,0,0,,,
2022-10-15T15:25:02.383Z,us6000ityl,4.5,0,0,,,
2022-10-16T18:45:45.796Z,us6000iu5m,4.3,0,0,,,
2022-10-17T06:26:03.836Z,us6000ivil,4.2,0,0,,,
2022-10-17T19:50:55.785Z,us6000ivi7,4.2,0,0,,,
2022-10-17T23:48:41.404Z,us6000ivik,4.4,0,0,,,
2022-10-18T00:46:53.608Z,us6000iug4,4.4,0,0,,,
2022-10-18T13:01:54.228Z,us6000ivjq,4.2,0,0,,,
2022-10-19T00:43:03.458Z,us6000iunz,4.6,0,0,,,
2022-10-19T03:05:56.345Z,us6000iuqg,4,0,0,,,
2022-10-19T05:14:08.998Z,us6000iurz,4.6,0,0,,,
2022-10-19T05:55:00.653Z,us6000iusb,5.2,0,0,,,
2022-10-20T06:55:09.122Z,us6000iwd4,4.2,0,0,,,
2022-10-20T11:36:18.287Z,us6000iv6a,4.2,0,0,,,
2022-10-21T01:00:08.656Z,us6000ive9,4.2,0,0,,,
2022-10-21T06:19:48.911Z,us6000ivg5,4.9,0,0,,,
2022-10-21T19:38:34.786Z,us6000ivlp,4.4,0,0,,,
2022-10-22T09:03:15.471Z,us7000ikp7,4.5,0,0,,,
2022-10-22T23:00:31.877Z,us7000ikpi,4.2,0,0,,,
2022-10-23T13:01:10.694Z,us6000ivxe,4.5,0,0,,,
2022-10-23T20:09:07.129Z,us6000ivym,4.9,0,0,,,
2022-10-23T22:35:41.093Z,us6000ivzf,4.4,0,0,,,
2022-10-23T22:51:28.641Z,us7000ikr2,4.1,0,0,,,
2022-10-24T06:59:20.171Z,us6000iw18,4.4,0,0,,,
2022-10-24T07:43:50.929Z,us6000iw1c,4.9,0,0,,,
2022-10-24T08:48:22.687Z,us6000iw1k,4.6,0,0,,,
2022-10-24T08:53:38.101Z,us7000ikxz,4.2,0,0,,,
2022-10-24T21:11:17.412Z,us7000ikyf,4.4,0,0,,,
2022-10-25T11:00:16.087Z,us7000ikzr,4.6,0,0,,,
2022-10-25T22:49:15.770Z,us7000ikcv,4.9,0,0,,,
2022-10-26T07:05:07.639Z,us7000ikfl,4.6,0,0,,,
2022-10-26T07:06:01.197Z,us7000ikfi,5.3,0,0,,,
2022-10-26T09:30:13.058Z,us7000ikg7,4.4,0,0,,,
2022-10-26T18:12:51.706Z,us7000ilii,4.4,0,0,,,
2022-10-26T20:54:32.017Z,us7000ilin,4,0,0,,,
2022-10-27T04:09:56.876Z,us7000ilqw,4.1,0,0,,,
2022-10-27T04:20:06.780Z,us7000ilqx,5,0,0,,,
2022-10-27T05:28:59.142Z,us7000ilqr,4.5,0,0,,,
2022-10-27T13:25:05.027Z,us7000ikpr,5,0,0,,,
2022-10-27T14:36:28.676Z,us7000ikpx,4.5,0,0,,,
2022-10-27T18:01:11.799Z,us7000ikrv,4.7,0,0,,,
2022-10-28T09:24:04.199Z,us7000ilzw,4.1,0,0,,,
2022-10-28T20:56:27.188Z,us7000il1t,4.7,0,0,,,
2022-10-29T03:35:24.505Z,us7000im6a,4.2,0,0,,,
2022-10-29T10:11:29.845Z,us7000im6h,4.3,0,0,,,
2022-10-29T17:17:38.460Z,us7000im72,4.4,0,0,,,
2022-10-29T17:33:12.604Z,us7000im6v,4.3,0,0,,,
2022-10-29T19:46:34.988Z,us7000il81,4.5,0,0,,,
2022-10-29T19:46:56.307Z,us7000il7l,4.8,0,0,,,
2022-10-30T07:05:18.294Z,us7000im8k,4.4,0,0,,,
2022-10-30T20:19:35.987Z,us7000ild5,4.4,0,0,,,
2022-10-31T04:22:38.198Z,us7000imhk,4.1,0,0,,,
2022-11-01T00:45:03.442Z,us7000ilm7,4.2,0,0,,,
2022-11-01T23:45:54.466Z,us7000ilua,5.1,0,0,,,
2022-11-02T15:03:38.468Z,us7000in48,4.4,0,0,,,
2022-11-02T23:24:15.293Z,us7000im2q,4.4,0,0,,,
2022-11-03T10:02:54.461Z,us7000im5h,4.2,0,0,,,
2022-11-03T10:04:33.746Z,us7000im5c,4.9,0,0,,,
2022-11-03T11:16:57.209Z,us7000im5q,4.8,0,0,,,
2022-11-03T18:57:21.403Z,us7000inbh,4,0,0,,,
2022-11-03T20:16:34.759Z,us7000imay,4.2,0,0,,,
2022-11-04T10:50:49.689Z,us7000imgt,4.3,0,0,,,
2022-11-04T15:15:05.896Z,us7000inlb,4.2,0,0,,,
2022-11-04T20:02:39.217Z,us7000inlr,4.1,0,0,,,
2022-11-05T17:17:43.795Z,us7000imqz,4.3,0,0,,,
2022-11-06T04:23:31.711Z,us7000imu3,5.2,0,0,,,
2022-11-06T14:01:02.922Z,us7000inuc,4.2,0,0,,,
2022-11-08T20:56:42.386Z,us7000ind1,4.6,0,0,,,
2022-11-09T00:18:47.811Z,us7000ipmw,4.3,0,0,,,
2022-11-09T03:37:25.258Z,us7000inf2,4.5,0,0,,,
2022-11-09T08:40:11.927Z,us7000ingc,4.8,0,0,,,
2022-11-10T01:22:48.629Z,us7000inpa,4.4,0,0,,,
2022-11-11T01:04:06.691Z,us7000inyx,4.4,0,0,,,
2022-11-11T13:37:55.652Z,us7000iq5g,4.3,0,0,,,
2022-11-11T21:21:13.300Z,us7000ip5e,4.5,0,0,,,
2022-11-13T08:16:47.953Z,us7000ipfq,5.1,0,0,,,
2022-11-14T05:42:02.738Z,us7000iqnu,4.3,1,1,6.1,2022-11-14T08:08:26.124Z,us7000ipkm
2022-11-14T06:08:48.407Z,us7000iqnx,4.2,1,1,6.1,2022-11-14T08:08:26.124Z,us7000ipkm
2022-11-14T08:08:26.124Z,us7000ipkm,6.1,0,0,,,
2022-11-14T13:27:58.983Z,us7000iplv,4.6,0,0,,,
2022-11-14T23:09:41.633Z,us7000iqp8,4.3,0,0,,,
2022-11-15T06:00:16.685Z,us7000iqrs,4.3,0,0,,,
2022-11-16T03:28:17.212Z,us7000iq1n,4.4,0,0,,,
2022-11-17T00:28:20.703Z,us7000iq9c,4.9,0,0,,,
2022-11-17T12:43:29.701Z,us7000iqed,4.5,0,0,,,
2022-11-17T17:35:19.593Z,us7000iqie,4.6,0,0,,,
2022-11-19T01:39:34.252Z,us7000iqw6,4.1,0,0,,,
2022-11-19T18:46:20.386Z,us7000ir0u,4.3,0,0,,,
2022-11-20T08:34:17.841Z,us7000is4j,4,0,0,,,
2022-11-20T09:17:24.471Z,us7000ir4k,4.6,0,0,,,
2022-11-20T12:16:20.817Z,us7000is4w,4.5,0,0,,,
2022-11-20T20:19:06.993Z,us7000ir7f,4.5,0,0,,,
2022-11-22T16:06:39.911Z,us7000irj8,4.6,0,0,,,
2022-11-23T04:54:23.090Z,us7000irqz,4.5,0,0,,,
2022-11-23T16:26:55.887Z,us7000iru6,4.8,0,0,,,
2022-11-23T16:52:26.536Z,us7000irv5,5.2,0,0,,,
2022-11-23T19:33:18.855Z,us7000irw4,4.2,0,0,,,
2022-11-23T19:34:30.209Z,us7000irvx,4.5,0,0,,,
2022-11-24T04:55:33.171Z,us7000itbn,4,0,0,,,
2022-11-25T07:04:30.161Z,us7000is9w,4.5,0,0,,,
2022-11-25T17:01:50.763Z,us6000j5tq,4.5,0,0,,,
2022-11-26T03:26:00.399Z,us6000j61q,4.4,0,0,,,
2022-11-26T08:30:00.087Z,us7000isit,4.4,0,0,,,
2022-11-26T12:58:11.806Z,us6000j62c,4.5,0,0,,,
2022-11-26T15:17:35.911Z,us7000iski,4.5,0,0,,,
2022-11-26T16:55:25.232Z,us7000iskt,4.8,0,0,,,
2022-11-26T17:45:57.803Z,us7000isl1,4.9,0,0,,,
2022-11-26T20:00:19.253Z,us7000islk,4.9,0,0,,,
2022-11-27T21:40:46.163Z,us7000istd,4.6,0,0,,,
2022-11-28T10:02:01.473Z,us6000j6bu,4.4,0,0,,,
2022-11-29T21:34:07.734Z,us6000j5lw,4.4,0,0,,,
2022-11-30T00:50:52.738Z,us6000j72b,4.4,0,0,,,
2022-11-30T01:33:50.719Z,us6000j5ni,4.6,0,0,,,
2022-11-30T03:45:58.852Z,us6000j5pc,5,0,0,,,
2022-11-30T06:51:47.826Z,us6000j72i,4.4,0,0,,,
2022-11-30T08:07:01.407Z,us6000j5qe,4.6,0,0,,,
2022-11-30T14:01:13.598Z,us6000j72r,4.2,0,0,,,
2022-11-30T18:10:30.406Z,us6000j5ui,4.5,0,0,,,
2022-12-01T03:36:58.451Z,us6000j5x8,4.8,0,0,,,
2022-12-01T04:54:40.065Z,us6000j5xr,4.9,0,0,,,
2022-12-02T12:04:30.291Z,us6000j69y,4.5,0,0,,,
2022-12-03T10:21:53.038Z,us6000j7wr,4.2,0,0,,,
2022-12-03T18:29:56.984Z,us6000j6q6,4.1,0,0,,,
2022-12-03T22:21:03.475Z,us6000j7x8,4.2,0,0,,,
2022-12-04T20:27:09.530Z,us6000j6wi,4.8,0,0,,,
2022-12-05T06:54:37.233Z,us6000j85b,4.2,0,0,,,
2022-12-05T08:00:16.451Z,us6000j85e,4.2,0,0,,,
2022-12-05T15:20:56.494Z,us6000j711,4.8,0,0,,,
2022-12-05T18:06:46.079Z,us6000j85v,4.1,0,0,,,
2022-12-06T20:39:55.799Z,us6000j7fk,4.5,0,0,,,
2022-12-07T04:06:31.347Z,us6000j8sg,4,0,0,,,
2022-12-07T12:01:48.571Z,us6000j7l2,4,0,0,,,
2022-12-07T14:48:59.218Z,us6000j8t6,4.1,0,0,,,
2022-12-08T02:42:52.683Z,us6000j7th,4.5,0,0,,,
2022-12-08T03:56:42.355Z,us6000j90h,4.3,0,0,,,
2022-12-09T01:57:12.439Z,us6000j82d,4.2,0,0,,,
2022-12-09T03:46:53.821Z,us6000j82k,4.1,0,0,,,
2022-12-09T21:37:01.253Z,us6000j89y,4.1,0,0,,,
2022-12-10T23:53:35.984Z,us6000j8hx,4.8,0,0,,,
2022-12-11T09:46:38.250Z,us6000j8kg,4.8,0,0,,,
2022-12-11T12:03:17.850Z,us6000j8l0,4.9,0,0,,,
2022-12-11T12:43:41.946Z,us6000j8l7,4.7,0,0,,,
2022-12-11T14:12:43.601Z,us6000j8lk,4.9,0,0,,,
2022-12-11T20:29:25.978Z,us6000j8na,4.6,0,0,,,
2022-12-12T07:20:47.019Z,us6000j8qd,4.6,0,0,,,
2022-12-12T09:11:58.552Z,us6000j8qw,4.6,0,0,,,
2022-12-12T19:18:06.402Z,us6000j8uj,4.9,0,0,,,
2022-12-12T21:44:23.952Z,us6000j9qv,4,0,0,,,
2022-12-13T05:55:08.077Z,us6000j9rd,4.3,0,0,,,
2022-12-13T13:18:45.325Z,us6000j8zr,4,0,0,,,
2022-12-13T15:08:52.491Z,us6000j9rp,4.4,0,0,,,
2022-12-14T18:47:46.602Z,us6000jacc,4.7,0,0,,,
2022-12-15T04:30:41.763Z,us6000j9ca,4.6,0,0,,,
2022-12-15T06:58:46.918Z,us6000jajq,4.1,0,0,,,
2022-12-15T18:19:55.713Z,us6000j9ir,4.5,0,0,,,
2022-12-15T23:48:01.467Z,us6000j9l6,4.8,0,0,,,
2022-12-16T00:25:11.135Z,us6000j9ld,4.4,0,0,,,
2022-12-17T12:36:36.946Z,us6000j9zw,4.6,0,0,,,
2022-12-17T18:06:02.988Z,us6000ja1a,5.6,0,0,,,
2022-12-17T18:07:57.633Z,us7000j0g3,4.8,0,0,,,
2022-12-18T14:19:38.532Z,us6000ja5d,4.8,0,0,,,
2022-12-18T15:02:04.441Z,us6000ja5i,4.5,0,0,,,
2022-12-18T15:18:26.801Z,us6000ja5l,4.4,0,0,,,
2022-12-19T12:12:42.406Z,us6000jab4,4.3,0,0,,,
2022-12-21T11:13:12.357Z,us7000j21x,4.4,0,0,,,
2022-12-21T16:50:32.323Z,us7000j225,4.4,0,0,,,
2022-12-22T06:09:08.648Z,us7000j23z,4.2,0,0,,,
2022-12-22T16:39:58.702Z,us6000jb3w,5,0,0,,,
2022-12-23T14:13:57.324Z,us6000jbal,4.5,0,0,,,
2022-12-24T01:39:51.619Z,us6000jbdc,4.6,0,0,,,
2022-12-24T17:12:26.256Z,us7000j2br,4,0,0,,,
2022-12-26T12:05:58.372Z,us6000jbsh,5,0,0,,,
2022-12-26T23:44:34.503Z,us6000jbvj,4.5,0,0,,,
2022-12-27T00:09:34.247Z,us6000jbvr,4.4,0,0,,,
2022-12-27T14:48:11.854Z,us7000j35l,4.3,0,0,,,
2022-12-27T17:33:46.455Z,us7000j0en,4.7,0,0,,,
2022-12-27T18:51:17.408Z,us7000j0ey,4.6,0,0,,,
2022-12-28T07:44:49.736Z,us7000j0l1,5.2,0,0,,,
2022-12-28T16:47:09.471Z,us7000j0n9,4.3,0,0,,,
2022-12-28T22:26:15.077Z,us7000j0q5,4.3,0,0,,,
2022-12-30T14:10:06.152Z,us7000j12e,4.4,0,0,,,
2023-01-01T21:55:08.183Z,us7000j1hc,4.5,0,0,,,
2023-01-01T23:27:38.422Z,us7000j1hk,4.3,0,0,,,
2023-01-02T05:20:35.700Z,us7000j1im,4.4,0,0,,,
2023-01-02T08:34:06.753Z,us7000j1kf,4.2,0,0,,,
2023-01-02T15:37:15.905Z,us7000j447,4.2,0,0,,,
2023-01-02T15:56:16.023Z,us7000j1mf,4.5,0,0,,,
2023-01-02T18:47:26.446Z,us7000j1n9,4.4,0,0,,,
2023-01-02T23:01:13.831Z,us7000j1pz,5.2,0,0,,,
2023-01-03T07:08:35.706Z,us7000j1s3,5.1,0,0,,,
2023-01-04T10:40:01.804Z,us7000j46y,4.2,0,0,,,
2023-01-05T07:53:34.169Z,us7000j28s,4.3,0,0,,,
2023-01-06T04:44:03.427Z,us7000j2gw,4.8,0,0,,,
2023-01-06T22:27:29.832Z,us7000j2nv,4.5,0,0,,,
2023-01-07T14:42:38.037Z,us7000j2td,4.7,0,0,,,
2023-01-08T00:32:43.639Z,us7000j2vs,4.3,0,0,,,
2023-01-08T01:16:26.095Z,us7000j2vx,4.6,0,0,,,
2023-01-09T08:37:57.242Z,us7000j33f,4.1,0,0,,,
2023-01-09T08:41:57.611Z,us7000j5ga,4.1,0,0,,,
2023-01-09T17:08:50.474Z,us7000j5gq,4.2,0,0,,,
2023-01-10T08:04:44.735Z,us7000j3cy,4.1,0,0,,,
2023-01-11T03:19:44.834Z,us7000j3k9,3.8,0,0,,,
2023-01-11T16:19:38.252Z,us7000j3nl,4.9,0,0,,,
2023-01-12T06:46:56.675Z,us7000j3u2,4.3,0,0,,,
2023-01-12T21:13:58.958Z,us7000j5u4,4,0,0,,,
2023-01-14T04:20:22.683Z,us7000j4bn,4.2,0,0,,,
2023-01-14T23:30:48.136Z,us7000j6dh,4.5,0,0,,,
2023-01-15T16:25:27.414Z,us7000j4jn,4.8,0,0,,,
2023-01-16T09:42:34.234Z,us7000j4nl,4.2,0,0,,,
2023-01-16T12:10:23.935Z,us7000j4p4,4.3,0,0,,,
2023-01-17T07:37:56.479Z,us7000j4ug,4.4,0,0,,,
2023-01-17T07:48:02.047Z,us6000jj75,4.3,0,0,,,
2023-01-17T12:59:29.485Z,us7000j4vk,4.6,0,0,,,
2023-01-17T13:39:00.079Z,us6000jj7f,4.3,0,0,,,
2023-01-18T19:01:06.785Z,us6000jjf1,4.1,0,0,,,
2023-01-19T00:58:43.069Z,us6000jjh1,4.2,0,0,,,
2023-01-19T03:25:23.797Z,us7000j5ep,4.5,0,0,,,
2023-01-19T12:24:41.046Z,us7000j5hp,4.3,0,0,,,
2023-01-20T05:48:28.582Z,us7000j5pu,5,0,0,,,
2023-01-20T12:41:42.991Z,us7000j5t0,4.3,0,0,,,
2023-01-20T16:41:12.155Z,us6000jjpe,4.1,0,0,,,
2023-01-20T18:05:41.219Z,us7000j5vu,4.5,0,0,,,
2023-01-21T11:14:29.784Z,us7000j623,4.3,0,0,,,
2023-01-22T13:16:21.809Z,us7000j698,4.4,0,0,,,
2023-01-24T02:11:36.855Z,us6000jitp,4.1,0,0,,,
2023-01-25T01:00:49.643Z,us6000jj1u,4.9,0,0,,,
2023-01-26T16:04:56.671Z,us6000jjgm,4.3,0,0,,,
2023-01-27T06:03:43.600Z,us6000jjm9,4.2,0,0,,,
2023-01-28T22:59:48.937Z,us6000jmwk,4.4,0,0,,,
2023-01-29T12:19:47.177Z,us6000jk5m,4.7,0,0,,,
2023-01-29T22:17:34.113Z,us6000jk7l,3.9,0,0,,,
2023-01-30T00:32:10.301Z,us6000jk87,4.3,0,0,,,
2023-01-30T19:15:43.487Z,us6000jke4,4.5,0,0,,,
2023-02-02T00:18:53.796Z,us6000jmrl,4.3,0,0,,,
2023-02-02T02:57:19.527Z,us6000jkwl,4.4,0,0,,,
2023-02-02T12:15:31.278Z,us6000jms2,4.1,0,0,,,
2023-02-02T17:58:23.483Z,us6000jl0p,4.1,0,0,,,
2023-02-05T00:03:19.669Z,us6000jlh9,5.8,0,0,,,
2023-02-05T00:45:32.712Z,us6000jlhd,4.4,0,0,,,
2023-02-05T02:09:43.699Z,us6000jn3j,4.4,0,0,,,
2023-02-05T07:02:10.785Z,us6000jn3q,4,0,0,,,
2023-02-05T07:13:24.733Z,us6000jn3r,4.4,0,0,,,
2023-02-05T07:23:38.479Z,us6000jn3y,4.4,0,0,,,
2023-02-06T09:52:12.896Z,us6000jlq8,4.5,0,0,,,
2023-02-07T04:45:23.679Z,us6000jp3q,4.4,0,0,,,
2023-02-08T01:08:02.261Z,us6000jpc9,4.2,0,0,,,
2023-02-08T02:44:12.360Z,us6000jmep,4,0,0,,,
2023-02-08T06:39:01.852Z,us6000jmfs,4.4,0,0,,,
2023-02-09T10:23:12.545Z,us6000jmpq,4.2,0,0,,,
2023-02-09T18:30:22.381Z,us6000jmtw,4.5,0,0,,,
2023-02-10T08:45:58.021Z,us6000jpmu,4.3,0,0,,,
2023-02-11T08:43:59.507Z,us6000jpp1,4.3,0,0,,,
2023-02-11T10:45:00.492Z,us6000jnag,4.2,0,0,,,
2023-02-12T15:19:33.703Z,us6000jng8,4.5,0,0,,,
2023-02-12T18:44:32.206Z,us6000jnh4,4.3,0,0,,,
2023-02-13T01:02:42.867Z,us6000jnij,4.6,0,0,,,
2023-02-13T18:18:54.427Z,us6000jnm3,4.8,0,0,,,
2023-02-14T03:08:57.315Z,us6000jnpn,4.5,0,0,,,
2023-02-14T19:51:38.014Z,us6000jqu2,4.3,0,0,,,
2023-02-15T01:32:07.667Z,us6000jp0k,4.3,0,0,,,
2023-02-17T03:59:53.576Z,us6000jpis,4.1,0,0,,,
2023-02-17T10:38:45.835Z,us6000jpm2,4.4,0,0,,,
2023-02-17T19:08:43.934Z,us6000jrbr,4.2,0,0,,,
2023-02-18T04:10:10.092Z,us6000jrcl,4.2,0,0,,,
2023-02-19T08:50:17.833Z,us6000jq2u,4.1,0,0,,,
2023-02-19T18:55:42.999Z,us6000jq5d,5,0,0,,,
2023-02-23T19:23:38.557Z,us6000jr2v,4.3,0,0,,,
2023-02-23T21:49:18.266Z,us7000jh0r,4.1,0,0,,,
2023-02-24T13:45:49.746Z,us6000jrah,4,0,0,,,
2023-02-25T00:49:00.859Z,us6000jrgd,4.1,0,0,,,
2023-02-25T03:49:13.695Z,us6000jrh0,4.6,0,0,,,
2023-02-25T13:27:43.704Z,us6000jrjl,6,0,0,,,
2023-02-26T09:51:16.716Z,us7000jhnp,4.2,0,0,,,
2023-02-26T18:58:55.331Z,us6000jrs3,4.4,0,0,,,
2023-02-26T19:05:10.642Z,us7000jhnx,4.2,0,0,,,
2023-02-27T02:45:18.228Z,us7000jhx7,4.1,0,0,,,
2023-02-27T07:31:52.571Z,us7000jhxl,4.3,0,0,,,
2023-02-27T18:56:10.001Z,us7000jg2q,4.6,0,0,,,
2023-02-28T03:55:10.518Z,us7000jg5v,4.7,0,0,,,
2023-02-28T11:09:41.283Z,us7000ji63,4.8,0,0,,,
2023-02-28T11:12:08.737Z,us7000jg86,5.2,0,0,,,
2023-02-28T15:48:02.985Z,us7000jg9d,4.5,0,0,,,
2023-02-28T16:51:50.263Z,us7000jgak,4.2,0,0,,,
2023-03-01T17:21:30.327Z,us7000ji8j,4.5,0,0,,,
2023-03-01T19:29:50.616Z,us7000jgmv,5,0,0,,,
2023-03-02T06:14:52.267Z,us7000jgrs,4.8,0,0,,,
2023-03-02T06:47:40.400Z,us7000jgry,5,0,0,,,
2023-03-02T07:18:59.930Z,us7000jgs8,4.5,0,0,,,
2023-03-02T08:51:50.859Z,us7000jgsf,4.4,0,0,,,
2023-03-03T20:39:55.446Z,us7000jh67,4.2,0,0,,,
2023-03-05T23:21:15.137Z,us7000jhj0,4.5,0,0,,,
2023-03-06T00:46:34.891Z,us7000jhjc,4,0,0,,,
2023-03-06T21:07:27.404Z,us7000jiwm,4.5,0,0,,,
2023-03-06T22:24:47.998Z,us7000jhrf,5.2,0,0,,,
2023-03-08T06:53:02.356Z,us7000jjtw,4.1,0,0,,,
2023-03-08T08:32:16.679Z,us7000ji40,4.3,0,0,,,
2023-03-08T13:48:45.033Z,us7000jjuf,4.5,0,0,,,
2023-03-09T04:53:16.872Z,us7000jidx,3.9,0,0,,,
2023-03-09T14:14:03.769Z,us7000jigd,4.6,0,0,,,
2023-03-10T20:12:39.029Z,us7000jiya,4.8,0,0,,,
2023-03-10T20:13:45.486Z,us7000jk6p,4.6,0,0,,,
2023-03-11T00:16:54.774Z,us7000jj0s,4.8,0,0,,,
2023-03-11T00:36:44.665Z,us7000jkfx,4.2,0,0,,,
2023-03-11T09:18:37.225Z,us7000jj3s,4,0,0,,,
2023-03-12T01:06:04.554Z,us7000jj96,4.1,0,0,,,
2023-03-12T20:25:34.100Z,us7000jjdw,4.2,0,0,,,
2023-03-13T14:29:57.663Z,us7000jjj9,4.6,0,0,,,
2023-03-13T14:40:04.795Z,us7000jjjc,4.5,0,0,,,
2023-03-13T20:35:35.035Z,us7000jjml,4.3,0,0,,,
2023-03-14T04:36:45.947Z,us7000jkwi,4.3,0,0,,,
2023-03-14T21:05:08.655Z,us7000jjxe,4.3,0,0,,,
2023-03-14T21:39:05.010Z,us7000jjxs,4.2,0,0,,,
2023-03-18T17:05:14.215Z,us7000jl3l,4.8,0,0,,,
2023-03-20T01:59:22.842Z,us7000jlcr,4.6,0,0,,,
2023-03-20T12:06:19.206Z,us7000jleh,4.6,0,0,,,
2023-03-20T21:28:39.017Z,us7000jlj4,4.5,0,0,,,
2023-03-22T03:19:15.417Z,us7000jlvi,4.2,0,0,,,
2023-03-22T07:36:58.890Z,us7000jlw8,5.6,0,0,,,
2023-03-22T07:42:58.666Z,us6000k0am,4.4,0,0,,,
2023-03-22T08:23:46.612Z,us7000jlwl,4.3,0,0,,,
2023-03-23T18:36:42.761Z,us7000jm8j,4.6,0,0,,,
2023-03-24T04:25:29.944Z,us7000jmc2,5.3,0,0,,,
2023-03-24T07:25:34.908Z,us7000jmct,4.7,0,0,,,
2023-03-24T12:35:42.124Z,us6000k0lt,4.4,0,0,,,
2023-03-25T03:38:17.064Z,us6000k0m7,4.1,0,0,,,
2023-03-26T14:33:03.732Z,us7000jmvh,4.2,0,0,,,
2023-03-26T15:04:20.244Z,us7000jmvm,4.9,0,0,,,
2023-03-28T03:30:05.190Z,us6000k14s,4.3,0,0,,,
2023-03-28T09:18:28.506Z,us6000k09q,6,0,0,,,
2023-03-28T18:48:14.471Z,us6000k155,4.2,0,0,,,
2023-03-28T23:48:45.601Z,us6000k0ga,3.9,0,0,,,
2023-03-29T07:32:09.181Z,us6000k0i6,4.1,0,0,,,
2023-03-29T16:43:16.443Z,us6000k0nf,4.2,0,0,,,
2023-03-30T15:29:21.326Z,us6000k0wq,4.2,0,0,,,
2023-03-30T18:40:11.750Z,us6000k1ya,4.1,0,0,,,
2023-03-31T00:10:13.171Z,us6000k10i,4.5,0,0,,,
2023-03-31T05:29:07.089Z,us6000k23s,4.1,0,0,,,
2023-03-31T15:29:40.368Z,us6000k15z,4.9,0,0,,,
2023-03-31T19:33:13.967Z,us6000k17g,4.3,0,0,,,
2023-04-01T09:41:11.637Z,us6000k1bu,4.6,0,0,,,
2023-04-01T11:46:38.198Z,us6000k2cv,4.2,0,0,,,
2023-04-02T01:42:39.017Z,us6000k2dw,4,0,0,,,
2023-04-02T04:14:08.897Z,us6000k1fx,4.4,0,0,,,
2023-04-02T08:34:26.302Z,us6000k2e7,4.2,0,0,,,
2023-04-04T03:53:56.090Z,us6000k3ik,4,0,0,,,
2023-04-04T07:11:18.632Z,us6000k3im,4,0,0,,,
2023-04-04T14:00:59.998Z,us6000k1xp,4.3,0,0,,,
2023-04-04T15:15:42.968Z,us6000k1yq,4.6,0,0,,,
2023-04-04T21:24:17.248Z,us6000k3je,4.2,0,0,,,
2023-04-06T04:10:19.795Z,us6000k2ai,4.9,0,0,,,
2023-04-07T12:46:00.762Z,us6000k2n9,4.1,0,0,,,
2023-04-08T06:01:25.750Z,us6000k4eh,4,0,0,,,
2023-04-08T15:40:14.414Z,us6000k2vt,4.2,0,0,,,
2023-04-09T12:10:23.430Z,us6000k4gv,4,0,0,,,
2023-04-10T21:35:17.870Z,us6000k53e,4.4,0,0,,,
2023-04-11T15:38:10.261Z,us6000k3i7,4.6,0,0,,,
2023-04-11T20:10:47.122Z,us6000k3lr,4.3,0,0,,,
2023-04-11T20:35:20.638Z,us6000k3m1,3.9,0,0,,,
2023-04-12T08:45:55.660Z,us6000k3rx,4.3,0,0,,,
2023-04-12T23:12:49.785Z,us6000k5i7,4.3,0,0,,,
2023-04-13T00:55:08.769Z,us6000k3yb,4.4,0,0,,,
2023-04-15T02:40:52.955Z,us6000k4lr,4.4,0,0,,,
2023-04-15T22:35:28.020Z,us6000k609,4,0,0,,,
2023-04-16T17:25:07.359Z,us6000k4x2,4.3,0,0,,,
2023-04-18T03:23:42.291Z,us7000jvtn,4.2,0,0,,,
2023-04-19T07:11:54.739Z,us6000k5gg,4.6,0,0,,,
2023-04-20T14:50:24.591Z,us6000k5sn,4.6,0,0,,,
2023-04-20T18:25:57.071Z,us6000k5u8,4.7,0,0,,,
2023-04-20T19:18:07.498Z,us7000jw9c,4.1,0,0,,,
2023-04-21T02:45:40.177Z,us7000jwb3,4.5,0,0,,,
2023-04-21T05:09:46.358Z,us7000jwb7,4.2,0,0,,,
2023-04-21T07:38:22.331Z,us6000k5yt,4.5,0,0,,,
2023-04-21T08:39:15.858Z,us7000jwbc,4,0,0,,,
2023-04-21T12:43:03.024Z,us7000jwbg,4.2,0,0,,,
2023-04-21T23:46:58.932Z,us6000k68f,4.6,0,0,,,
2023-04-22T00:49:20.492Z,us7000jwlm,4.3,0,0,,,
2023-04-22T01:00:43.545Z,us6000k68t,4.8,0,0,,,
2023-04-22T01:33:40.178Z,us6000k68z,4.8,0,0,,,
2023-04-22T01:41:35.847Z,us7000jwln,4.4,0,0,,,
2023-04-22T14:06:20.761Z,us7000jwmb,4.3,0,0,,,
2023-04-25T13:31:59.805Z,us7000jvs4,4.4,0,0,,,
2023-04-25T17:49:35.451Z,us7000jvuk,4,0,0,,,
2023-04-25T20:25:36.784Z,us7000jxit,4.3,0,0,,,
2023-04-26T07:52:36.966Z,us7000jxre,4.2,0,0,,,
2023-04-26T22:27:47.524Z,us7000jw54,4.3,0,0,,,
2023-04-27T01:40:33.480Z,us7000jxti,4.2,0,0,,,
2023-04-27T13:43:06.144Z,us7000jwa7,4.4,0,0,,,
2023-04-28T05:18:15.346Z,us7000jwk9,4.5,0,0,,,
2023-04-28T07:45:55.670Z,us7000jwkt,4.4,0,0,,,
2023-04-28T18:04:48.666Z,us7000jwrz,4.4,0,0,,,
2023-04-30T12:21:43.203Z,us7000jx6f,4.3,0,0,,,
2023-04-30T20:04:22.213Z,us7000jx8m,4.4,0,0,,,
2023-04-30T23:51:02.472Z,us7000jxa1,4.4,0,0,,,
2023-04-30T23:58:20.475Z,us7000jx9f,4.5,0,0,,,
2023-05-01T15:20:18.863Z,us6000k9sa,4.3,0,0,,,
2023-05-01T18:56:15.983Z,us7000jxds,4.2,0,0,,,
2023-05-02T00:46:22.094Z,us6000kae2,4.1,0,0,,,
2023-05-02T03:39:18.160Z,us7000jxg3,4.2,0,0,,,
2023-05-02T11:24:53.305Z,us7000jxhe,4.1,0,0,,,
2023-05-02T20:34:46.267Z,us6000kaei,4.4,0,0,,,
2023-05-03T02:13:16.676Z,us7000jxn3,4.5,0,0,,,
2023-05-03T21:54:24.904Z,us6000kama,4.1,0,0,,,
2023-05-04T05:29:15.801Z,us6000k9eb,4.2,0,0,,,
2023-05-05T05:42:04.365Z,us6000k9mb,6.2,0,0,,,
2023-05-05T05:53:36.934Z,us6000kavf,4.8,0,0,,,
2023-05-05T08:38:01.171Z,us6000k9na,4.6,0,0,,,
2023-05-05T12:24:54.830Z,us6000k9r8,4.6,1,1,5.6,2023-05-05T12:58:03.876Z,us6000k9rh
2023-05-05T12:58:03.876Z,us6000k9rh,5.6,0,0,,,
2023-05-05T14:18:49.958Z,us6000k9t2,4.4,0,0,,,
2023-05-05T16:01:50.657Z,us6000k9tw,4.5,1,1,5.9,2023-05-05T17:47:16.200Z,us6000k9ue
2023-05-05T17:47:16.200Z,us6000k9ue,5.9,0,0,,,
2023-05-05T17:53:16.418Z,us6000kavs,4.4,0,0,,,
2023-05-07T05:57:24.067Z,us6000kb57,4.1,0,0,,,
2023-05-08T02:04:59.871Z,us6000kaay,4.2,0,0,,,
2023-05-08T13:25:23.912Z,us6000kadh,4.3,0,0,,,
2023-05-08T20:14:17.486Z,us6000kagl,4.9,0,0,,,
2023-05-08T20:16:13.279Z,us6000kbf7,4.3,0,0,,,
2023-05-09T02:05:55.093Z,us6000kaih,4.4,0,0,,,
2023-05-09T04:22:35.683Z,us6000kbfg,4.3,0,0,,,
2023-05-09T12:32:09.810Z,us6000kbfs,4.2,0,0,,,
2023-05-09T18:02:54.790Z,us6000kap2,4.3,0,0,,,
2023-05-09T22:14:37.287Z,us6000kaqu,4.8,0,0,,,
2023-05-09T23:42:02.568Z,us6000karh,4,0,0,,,
2023-05-10T02:20:56.995Z,us6000karz,4.4,0,0,,,
2023-05-10T12:54:48.376Z,us6000kau6,4.9,0,0,,,
2023-05-10T19:16:42.518Z,us6000kayd,5.2,0,0,,,
2023-05-10T21:04:24.729Z,us6000kazb,4,0,0,,,
2023-05-11T09:52:44.010Z,us6000kb2d,5.2,0,0,,,
2023-05-11T20:31:26.613Z,us6000kcb8,4.4,0,0,,,
2023-05-12T06:05:44.390Z,us6000kbbw,4.1,0,0,,,
2023-05-12T12:45:05.742Z,us6000kbe3,4.3,0,0,,,
2023-05-14T07:03:24.359Z,us6000kbt2,4.7,1,1,5.8,2023-05-14T08:21:41.726Z,us6000kbtf
2023-05-14T08:11:57.378Z,us6000kbta,5.4,1,2,5.8,2023-05-14T08:21:41.726Z,us6000kbtf
2023-05-14T08:19:10.401Z,us6000kcvz,4.4,1,2,5.8,2023-05-14T08:21:41.726Z,us6000kbtf
2023-05-14T08:21:41.726Z,us6000kbtf,5.8,1,1,5.6,2023-05-14T10:11:35.287Z,us6000kbtz
2023-05-14T08:25:35.737Z,us6000kcwp,4.6,1,1,5.6,2023-05-14T10:11:35.287Z,us6000kbtz
2023-05-14T08:30:26.292Z,us6000kcvr,4.7,1,1,5.6,2023-05-14T10:11:35.287Z,us6000kbtz
2023-05-14T08:44:09.023Z,us6000kbtl,5,1,1,5.6,2023-05-14T10:11:35.287Z,us6000kbtz
2023-05-14T08:46:11.059Z,us6000kcvv,4.6,1,1,5.6,2023-05-14T10:11:35.287Z,us6000kbtz
2023-05-14T09:23:26.194Z,us6000kcwi,4.1,1,1,5.6,2023-05-14T10:11:35.287Z,us6000kbtz
2023-05-14T09:52:33.590Z,us6000kcw3,4.2,1,1,5.6,2023-05-14T10:11:35.287Z,us6000kbtz
2023-05-14T10:11:35.287Z,us6000kbtz,5.6,0,0,,,
2023-05-14T11:29:07.393Z,us6000kbuc,4.8,0,0,,,
2023-05-14T11:34:41.147Z,us6000kcw9,4.1,0,0,,,
2023-05-14T13:55:57.089Z,us6000kbuw,5,0,0,,,
2023-05-14T14:03:30.352Z,us6000kbuz,5.2,0,0,,,
2023-05-14T14:05:29.590Z,us6000kcwc,4.8,0,0,,,
2023-05-14T14:20:58.003Z,us6000kbv1,4.9,0,0,,,
2023-05-14T15:24:22.943Z,us6000kbvk,4.3,0,0,,,
2023-05-14T16:22:52.640Z,us6000kbvu,5.1,0,0,,,
2023-05-14T22:00:11.272Z,us6000kbx7,5,0,0,,,
2023-05-15T09:44:31.380Z,us6000kc08,4.6,0,0,,,
2023-05-16T10:21:42.272Z,us6000kd7e,4.2,0,0,,,
2023-05-16T11:04:48.758Z,us6000kc9a,4.3,0,0,,,
2023-05-16T11:56:39.032Z,us6000kc9j,4.6,0,0,,,
2023-05-16T11:57:13.336Z,us6000kd7y,4.7,0,0,,,
2023-05-17T00:31:59.822Z,us6000kdw0,4.3,0,0,,,
2023-05-17T04:16:39.830Z,us6000kdw2,4.2,0,0,,,
2023-05-17T12:41:53.278Z,us6000kdw7,4.2,0,0,,,
2023-05-18T10:06:41.385Z,us7000k39y,4.3,0,0,,,
2023-05-18T21:56:27.163Z,us6000kcyy,4.6,0,0,,,
2023-05-19T10:17:27.087Z,us6000kd45,4.4,0,0,,,
2023-05-19T19:13:44.626Z,us6000kd98,4.5,0,0,,,
2023-05-20T14:11:22.172Z,us6000kdgi,4.6,0,0,,,
2023-05-21T02:21:53.452Z,us7000k47c,4.4,0,0,,,
2023-05-21T04:23:53.908Z,us7000k47k,4.3,0,0,,,
2023-05-21T09:39:47.090Z,us6000kdkw,4.8,0,0,,,
2023-05-21T15:20:27.816Z,us7000k488,4.4,0,0,,,
2023-05-21T23:18:49.352Z,us7000k48t,4.1,0,0,,,
2023-05-22T07:42:40.250Z,us6000kdu2,5.1,0,0,,,
2023-05-22T10:46:25.807Z,us6000kdup,4.9,0,0,,,
2023-05-22T13:58:26.477Z,us7000k4aa,4.2,0,0,,,
2023-05-23T06:23:26.575Z,us7000k4zc,4.1,0,0,,,
2023-05-24T02:01:03.708Z,us7000k577,4.3,0,0,,,
2023-05-25T00:15:31.584Z,us7000k3mh,4.6,0,0,,,
2023-05-25T00:43:10.329Z,us7000k5ae,4.3,0,0,,,
2023-05-25T20:53:53.702Z,us7000k43b,4.4,0,0,,,
2023-05-26T10:03:24.100Z,us7000k46f,6.1,0,0,,,
2023-05-26T11:07:39.640Z,us7000k46j,4.2,0,0,,,
2023-05-26T12:01:50.681Z,us7000k46v,4.6,0,0,,,
2023-05-27T13:49:44.488Z,us7000k4gk,4.4,0,0,,,
2023-05-28T00:08:43.796Z,us7000k5ss,4.4,0,0,,,
2023-05-28T07:00:46.622Z,us7000k4l4,4.2,0,0,,,
2023-05-28T22:58:33.467Z,us7000k5tm,4.4,0,0,,,
2023-05-29T05:38:48.825Z,us7000k6f9,4.1,0,0,,,
2023-05-30T08:49:17.264Z,us7000k4y8,4.6,0,0,,,
2023-05-30T13:52:01.587Z,us7000k50v,4.3,0,0,,,
2023-05-30T20:38:44.213Z,us7000k6mt,4.1,0,0,,,
2023-05-30T22:48:56.168Z,us7000k54a,4.4,0,0,,,
2023-05-31T01:04:32.659Z,us7000k6td,4.1,0,0,,,
2023-05-31T04:27:59.172Z,us7000k6tn,4.4,0,0,,,
2023-06-02T10:08:26.265Z,us7000k5qf,4.1,0,0,,,
2023-06-03T10:35:40.433Z,us7000k62j,5,0,0,,,
2023-06-03T17:08:06.229Z,us7000k7eb,4.3,0,0,,,
2023-06-03T18:57:29.726Z,us7000k7e9,4.2,0,0,,,
2023-06-04T01:58:33.077Z,us7000k66v,4.8,0,0,,,
2023-06-04T06:50:12.174Z,us7000k7f0,4.3,0,0,,,
2023-06-04T13:59:13.808Z,us7000k69f,4.5,0,0,,,
2023-06-05T02:35:06.490Z,us7000k6bw,4.4,0,0,,,
2023-06-05T21:05:34.060Z,us7000k6ie,4.3,0,0,,,
2023-06-06T16:10:37.730Z,us7000k6nh,4.5,0,0,,,
2023-06-06T17:08:04.335Z,us7000k6nv,4.5,0,0,,,
2023-06-08T10:34:29.455Z,us7000k73x,4.4,0,0,,,
2023-06-08T21:20:55.904Z,us7000k78h,4.9,0,0,,,
2023-06-09T09:24:39.502Z,us7000k7bd,4.6,0,0,,,
2023-06-10T16:20:53.839Z,us7000k7nk,4.5,0,0,,,
2023-06-11T09:54:44.886Z,us7000k7su,6.2,0,0,,,
2023-06-11T22:11:14.282Z,us7000k904,4,0,0,,,
2023-06-13T17:30:55.362Z,us7000k9vi,4.2,0,0,,,
2023-06-14T15:06:42.349Z,us7000k8e9,4.4,0,0,,,
2023-06-14T15:07:39.312Z,us7000k8uu,4.4,0,0,,,
2023-06-15T01:13:05.084Z,us7000k8jq,4.4,0,0,,,
2023-06-16T12:14:02.978Z,us7000k8wp,4.4,0,0,,,
2023-06-16T12:24:09.390Z,us7000k8ws,4.9,0,0,,,
2023-06-17T00:26:15.154Z,us7000k94b,5.6,0,0,,,
2023-06-17T04:57:42.015Z,us7000k95h,4.8,0,0,,,
2023-06-17T09:37:41.605Z,us7000k967,4.3,0,0,,,
2023-06-17T11:42:40.455Z,us7000k96r,5,0,0,,,
2023-06-17T13:42:02.390Z,us7000k97g,4.3,0,0,,,
2023-06-17T14:10:17.820Z,us7000k97r,4.2,0,0,,,
2023-06-18T09:46:54.493Z,us7000k9cc,4.4,0,0,,,
2023-06-18T16:58:44.114Z,us7000k9e7,4.8,0,0,,,
2023-06-18T20:37:01.887Z,us7000k9f3,4.4,0,0,,,
2023-06-19T04:50:45.744Z,us7000k9ic,5,0,0,,,
2023-06-19T23:44:40.435Z,us6000kngb,4.2,0,0,,,
2023-06-19T23:47:14.748Z,us7000k9qv,4.4,0,0,,,
2023-06-20T21:22:00.095Z,us6000knp1,4.3,0,0,,,
2023-06-20T23:33:47.635Z,us7000k9zd,5,0,0,,,
2023-06-22T04:23:13.436Z,us7000ka97,4.6,0,0,,,
2023-06-22T07:39:47.575Z,us7000ka9y,4.4,0,0,,,
2023-06-22T10:30:38.663Z,us7000kaar,4.6,0,0,,,
2023-06-22T17:33:46.493Z,us7000kae2,4.6,0,0,,,
2023-06-22T20:51:51.779Z,us7000kafz,4.4,0,0,,,
2023-06-23T02:30:31.862Z,us6000kp7w,4.3,0,0,,,
2023-06-23T17:39:13.135Z,us7000kane,5.6,0,0,,,
2023-06-24T00:58:30.728Z,us7000kard,4.7,0,0,,,
2023-06-24T06:04:15.906Z,us6000kpvt,4,0,0,,,
2023-06-24T07:00:21.524Z,us6000kpvx,4.1,0,0,,,
2023-06-24T11:39:18.244Z,us6000kpw4,4.1,0,0,,,
2023-06-24T15:17:52.438Z,us7000kaut,4.7,0,0,,,
2023-06-25T05:02:24.431Z,us6000kq2t,4.2,0,0,,,
2023-06-25T08:46:30.161Z,us6000kq2z,4.1,0,0,,,
2023-06-26T07:26:55.182Z,us6000kq8t,4.5,0,0,,,
2023-06-27T02:25:54.879Z,us6000kqh4,3.9,0,0,,,
2023-06-27T23:38:21.428Z,us6000knj0,5.8,0,0,,,
2023-06-28T03:08:11.986Z,us6000knjk,4.6,0,0,,,
2023-06-28T04:27:17.831Z,us6000kqhy,4.3,0,0,,,
2023-06-28T17:08:10.541Z,us6000knpb,4.5,0,0,,,
2023-06-29T15:48:05.468Z,us6000knwi,4.2,0,0,,,
2023-06-30T05:23:39.615Z,us6000kp15,4.3,0,0,,,
2023-07-01T14:38:55.223Z,us6000kpgi,4.9,0,0,,,
2023-07-03T04:52:47.714Z,us6000kpsb,4.3,0,0,,,
2023-07-03T21:22:46.234Z,us7000kf3w,4,0,0,,,
2023-07-04T06:24:48.402Z,us6000kpzq,4,0,0,,,
2023-07-05T10:13:27.834Z,us6000kq6r,4.2,0,0,,,
2023-07-05T16:49:49.708Z,us6000kq9p,4.6,0,0,,,
2023-07-07T04:59:15.520Z,us6000kqn4,4.2,0,0,,,
2023-07-08T04:37:45.102Z,us6000kqxn,4.3,0,0,,,
2023-07-09T11:44:02.133Z,us6000kr3e,4.3,0,0,,,
2023-07-09T19:52:21.986Z,us6000kr76,4.6,0,0,,,
2023-07-10T01:40:52.092Z,us6000kr8w,4.4,0,0,,,
2023-07-10T05:12:28.832Z,us7000kgk9,4.4,0,0,,,
2023-07-10T12:25:47.430Z,us6000krb0,4.3,0,0,,,
2023-07-10T14:17:29.009Z,us7000kgkl,4,0,0,,,
2023-07-11T03:25:56.790Z,us7000kgtx,4.1,0,0,,,
2023-07-11T20:27:55.278Z,us7000kguk,4.2,0,0,,,
2023-07-12T20:41:21.570Z,us7000kf9e,4,0,0,,,
2023-07-13T04:43:54.456Z,us7000kfbs,5,0,0,,,
2023-07-13T14:10:40.071Z,us7000kfg1,4.7,0,0,,,
2023-07-13T14:40:59.037Z,us7000kfg6,4.4,0,0,,,
2023-07-14T06:10:11.070Z,us7000kfmv,4.4,0,0,,,
2023-07-16T05:00:39.219Z,us7000kg2n,4.1,0,0,,,
2023-07-16T05:22:05.240Z,us7000kg2t,4.1,0,0,,,
2023-07-16T12:00:03.896Z,us7000kg4p,4.8,0,0,,,
2023-07-17T00:37:11.694Z,us7000kg8k,4.8,0,0,,,
2023-07-18T11:00:54.924Z,us6000kvp3,4,0,0,,,
2023-07-18T17:46:11.687Z,us6000kvpc,4.1,0,0,,,
2023-07-19T07:34:04.007Z,us7000kgss,4.2,0,0,,,
2023-07-19T13:40:12.939Z,us7000kgvz,4.4,0,0,,,
2023-07-20T04:08:12.593Z,us7000kh0y,4.4,0,0,,,
2023-07-22T01:52:29.955Z,us7000khj2,4.8,0,0,,,
2023-07-22T12:14:26.026Z,us7000khm4,4.9,0,0,,,
2023-07-23T03:36:37.320Z,us7000khqs,4.1,0,0,,,
2023-07-24T01:16:55.789Z,us7000khvz,4.4,0,0,,,
2023-07-24T04:02:05.894Z,us7000khwm,4.5,0,0,,,
2023-07-24T06:37:01.103Z,us7000khxb,4.4,0,0,,,
2023-07-26T05:59:26.586Z,us6000kvlk,4.6,0,0,,,
2023-07-26T12:24:44.012Z,us6000kvmn,4.2,0,0,,,
2023-07-26T12:37:00.242Z,us6000kvmp,4.3,0,0,,,
2023-07-26T21:31:31.001Z,us6000kvsp,4.7,0,0,,,
2023-07-26T23:38:09.740Z,us6000kvtf,4.8,0,0,,,
2023-07-27T11:06:54.883Z,us6000kvvl,5.3,0,0,,,
2023-07-28T07:44:34.553Z,us6000kw3q,4.7,0,0,,,
2023-07-29T10:34:12.015Z,us6000kwhi,4.6,0,0,,,
2023-07-30T21:55:13.895Z,us6000kyn1,4.5,0,0,,,
2023-07-31T09:08:11.322Z,us6000kzdd,4.5,0,0,,,
2023-07-31T21:12:47.850Z,us6000kwxg,4.8,0,0,,,
2023-07-31T22:32:59.445Z,us6000kwxz,4.4,0,0,,,
2023-08-01T08:38:21.892Z,us6000kx0b,4.5,0,0,,,
2023-08-01T13:07:20.186Z,us6000kx1g,4.9,0,0,,,
2023-08-01T15:26:15.200Z,us6000kx2t,4.2,0,0,,,
2023-08-04T19:27:37.721Z,us6000kxy0,4.4,0,0,,,
2023-08-04T22:35:44.674Z,us6000kzf1,4,0,0,,,
2023-08-04T23:27:18.733Z,us6000kzf0,4.1,0,0,,,
2023-08-05T05:02:34.126Z,us6000ky1m,4.3,0,0,,,
2023-08-06T18:12:41.603Z,us6000kyb4,5.5,0,0,,,
2023-08-06T18:32:16.805Z,us6000kyb8,4.9,0,0,,,
2023-08-06T18:35:24.146Z,us6000l03q,4.5,0,0,,,
2023-08-07T00:57:00.963Z,us6000kyd8,4.6,0,0,,,
2023-08-07T04:48:18.915Z,us6000kydr,4.5,0,0,,,
2023-08-07T09:14:14.132Z,us6000kye7,4.6,0,0,,,
2023-08-07T15:33:18.479Z,us6000kyg7,4.4,0,0,,,
2023-08-08T02:37:24.956Z,us6000kyk2,4.9,0,0,,,
2023-08-08T02:40:58.928Z,us7000knp0,4.5,0,0,,,
2023-08-08T12:54:49.028Z,us6000kylu,4.7,0,0,,,
2023-08-08T17:43:12.714Z,us6000kyp4,4.1,0,0,,,
2023-08-08T19:05:21.315Z,us7000knpn,4.5,0,0,,,
2023-08-09T04:55:36.097Z,us7000knyp,4.3,0,0,,,
2023-08-09T11:41:48.682Z,us7000knyy,4.2,0,0,,,
2023-08-10T00:20:39.085Z,us6000kyz6,4,0,0,,,
2023-08-11T00:14:33.164Z,us6000kz5s,5.9,0,0,,,
2023-08-11T00:34:13.922Z,us6000kz67,4.5,0,0,,,
2023-08-11T13:20:09.233Z,us6000kz8m,4.4,0,0,,,
2023-08-13T01:35:25.927Z,us7000kqe1,4.3,0,0,,,
2023-08-14T06:16:41.622Z,us6000kzt1,4.1,0,0,,,
2023-08-16T08:56:31.370Z,us7000kqgp,4.2,0,0,,,
2023-08-16T13:29:33.936Z,us7000knr3,4.6,0,0,,,
2023-08-16T13:59:17.807Z,us7000knrh,4.5,0,0,,,
2023-08-17T09:30:25.975Z,us7000knyd,4.3,0,0,,,
2023-08-18T00:34:23.033Z,us7000kp5d,4.6,0,0,,,
2023-08-18T18:22:25.278Z,us7000kpb5,4.4,0,0,,,
2023-08-18T18:33:04.874Z,us7000kpb9,4.9,0,0,,,
2023-08-19T05:07:02.079Z,us7000kqx3,4.2,0,0,,,
2023-08-19T14:21:12.801Z,us7000kpgl,4.6,0,0,,,
2023-08-21T10:04:42.940Z,us7000kpuk,4.6,0,0,,,
2023-08-21T17:41:34.740Z,us7000kpxs,4.3,0,0,,,
2023-08-22T14:34:16.132Z,us7000krwj,4.1,0,0,,,
2023-08-22T15:03:50.092Z,us7000kq4r,4.6,0,0,,,
2023-08-24T22:48:23.843Z,us7000kqtq,5.8,0,0,,,
2023-08-25T05:40:09.698Z,us7000ksdn,4.3,0,0,,,
2023-08-25T10:11:54.282Z,us7000kqwt,4.5,0,0,,,
2023-08-25T22:02:11.184Z,us7000kse3,4.1,0,0,,,
2023-08-26T13:29:33.083Z,us7000kr6n,4.7,0,0,,,
2023-08-27T00:56:48.052Z,us7000kr99,4.8,0,0,,,
2023-08-27T03:58:13.758Z,us7000kr9x,4.1,0,0,,,
2023-08-27T16:41:50.692Z,us7000krd4,4.6,0,0,,,
2023-08-27T17:03:49.506Z,us7000krd6,5,0,0,,,
2023-08-28T09:08:32.595Z,us7000krg2,4.8,0,0,,,
2023-08-29T12:37:12.727Z,us7000kruy,4.1,0,0,,,
2023-08-30T03:32:55.133Z,us7000ktfy,4.6,0,0,,,
2023-08-30T21:17:18.039Z,us7000ks74,4.3,0,0,,,
2023-08-30T23:03:14.567Z,us7000ktgn,4.3,0,0,,,
2023-08-31T06:05:46.224Z,us7000ksak,4.3,0,0,,,
2023-09-01T06:31:20.962Z,us7000ktxf,4.1,0,0,,,
2023-09-01T08:56:25.689Z,us7000kskn,4.4,0,0,,,
2023-09-01T12:02:34.241Z,us7000ksm9,4.7,0,0,,,
2023-09-02T06:12:37.127Z,us7000kstt,3.9,0,0,,,
2023-09-02T15:03:05.610Z,us7000ksvn,4.6,0,0,,,
2023-09-03T04:28:43.507Z,us7000ksyb,4.3,0,0,,,
2023-09-04T01:13:52.296Z,us7000ku89,4.3,0,0,,,
2023-09-04T03:54:09.458Z,us7000kt44,4.3,0,0,,,
2023-09-04T21:12:40.091Z,us7000kt8t,4.4,0,0,,,
2023-09-05T01:09:46.146Z,us7000kub2,4.4,0,0,,,
2023-09-05T02:44:11.525Z,us7000kua0,4,0,0,,,
2023-09-05T04:27:16.652Z,us7000ktbl,4.9,0,0,,,
2023-09-05T04:33:04.575Z,us7000kua8,4.5,0,0,,,
2023-09-05T07:52:59.147Z,us7000ktcn,4.5,0,0,,,
2023-09-05T09:27:14.845Z,us7000kua7,4.5,0,0,,,
2023-09-06T03:21:18.523Z,us7000kv2s,4.3,0,0,,,
2023-09-06T15:52:16.189Z,us7000ktnn,4.9,0,0,,,
2023-09-06T21:46:09.967Z,us7000kv34,4.2,0,0,,,
2023-09-07T15:40:52.559Z,us7000kvb1,4.7,0,0,,,
2023-09-08T09:28:48.829Z,us7000ku4z,5.2,0,0,,,
2023-09-09T02:41:34.354Z,us7000kuib,4.6,0,0,,,
2023-09-10T17:58:28.903Z,us7000kuv6,4.6,0,0,,,
2023-09-10T19:53:15.562Z,us7000kuvj,4,0,0,,,
2023-09-11T04:09:29.921Z,us7000kuy9,4.3,0,0,,,
2023-09-11T14:17:01.442Z,us7000kvy5,4.3,0,0,,,
2023-09-11T14:57:48.387Z,us7000kvy9,4.1,0,0,,,
2023-09-11T23:41:44.989Z,us7000kvyg,4.2,0,0,,,
2023-09-12T01:00:04.874Z,us7000kv6x,4.4,0,0,,,
2023-09-12T10:43:54.135Z,us7000kv8v,4.6,0,0,,,
2023-09-12T13:58:01.058Z,us7000kva1,4.8,0,0,,,
2023-09-13T04:07:20.146Z,us7000kvfd,4.4,0,0,,,
2023-09-13T16:29:45.262Z,us7000kviz,4.1,0,0,,,
2023-09-15T07:56:43.592Z,us7000kwxi,4.4,0,0,,,
2023-09-15T19:35:57.740Z,us7000kw21,4.5,0,0,,,
2023-09-16T05:58:35.832Z,us7000kx2j,4.4,0,0,,,
2023-09-18T02:05:08.019Z,us7000kxcv,4.4,0,0,,,
2023-09-18T02:12:31.532Z,us7000kxcw,4.2,0,0,,,
2023-09-18T17:24:48.804Z,us7000kxdj,4.5,1,1,5.5,2023-09-18T19:33:03.532Z,us7000kwis
2023-09-18T19:33:03.532Z,us7000kwis,5.5,0,0,,,
2023-09-18T20:32:10.052Z,us7000kwjh,4.1,0,0,,,
2023-09-18T21:21:21.235Z,us7000kxdr,4.3,0,0,,,
2023-09-18T21:33:26.793Z,us7000kwjy,4.5,0,0,,,
2023-09-19T00:00:14.386Z,us7000kwki,4.4,0,0,,,
2023-09-19T06:22:36.608Z,us7000kwm6,5.8,0,0,,,
2023-09-19T07:07:14.395Z,us7000kxek,4.3,0,0,,,
2023-09-19T07:32:12.030Z,us7000kwmd,4.6,0,0,,,
2023-09-19T10:23:28.774Z,us7000kxer,4.3,0,0,,,
2023-09-19T11:55:44.680Z,us7000kxf0,4.4,0,0,,,
2023-09-19T14:18:07.070Z,us7000kxex,4.5,0,0,,,
2023-09-19T18:22:12.925Z,us7000kwqh,4.5,0,0,,,
2023-09-19T22:01:05.359Z,us7000kws5,4.5,0,0,,,
2023-09-19T22:17:47.305Z,us7000kws9,5.2,0,0,,,
2023-09-20T00:49:13.144Z,us7000kwt1,4.7,0,0,,,
2023-09-20T02:35:39.551Z,us7000ky5g,4.4,0,0,,,
2023-09-20T02:49:58.057Z,us7000ky5i,4,0,0,,,
2023-09-20T08:36:58.917Z,us7000ky5m,4.4,0,0,,,
2023-09-20T14:00:13.129Z,us7000kww0,4.4,0,0,,,
2023-09-21T21:22:12.562Z,us7000kx7t,5.7,0,0,,,
2023-09-21T21:39:56.606Z,us6000lb3f,4.3,0,0,,,
2023-09-21T23:29:44.482Z,us6000lb3g,4.4,0,0,,,
2023-09-22T00:02:49.857Z,us6000lb4h,4.4,0,0,,,
2023-09-22T00:46:51.408Z,us7000kx9k,4.7,0,0,,,
2023-09-22T07:23:20.294Z,us6000lb4u,4.5,0,0,,,
2023-09-22T16:33:14.903Z,us7000kxh4,5,0,0,,,
2023-09-22T19:13:40.577Z,us7000kxi2,4,0,0,,,
2023-09-22T23:31:24.932Z,us7000kxjt,4,0,0,,,
2023-09-23T10:08:17.110Z,us6000lbdt,4.5,0,0,,,
2023-09-23T15:01:15.623Z,us7000kxnb,4.4,0,0,,,
2023-09-24T02:07:25.835Z,us7000kxr5,4.5,0,0,,,
2023-09-24T02:28:51.260Z,us7000kxrb,4.5,0,0,,,
2023-09-24T14:30:40.586Z,us7000kxtt,4.4,0,0,,,
2023-09-25T03:37:59.667Z,us7000kxx4,4.4,0,0,,,
2023-09-25T04:35:49.740Z,us7000kxxj,4.4,0,0,,,
2023-09-25T13:01:24.962Z,us6000lbpv,4.4,0,0,,,
2023-09-25T23:39:21.693Z,us7000ky2u,4.5,0,0,,,
2023-09-26T22:21:41.415Z,us6000lazm,4.5,0,0,,,
2023-09-27T02:54:44.172Z,us6000lb14,5,0,0,,,
2023-09-27T15:34:31.459Z,us6000lb46,4.5,0,0,,,
2023-09-28T14:29:47.648Z,us6000lbdg,4.4,0,0,,,
2023-09-28T17:40:06.917Z,us6000lbgs,5.8,0,0,,,
2023-09-29T07:57:52.190Z,us6000lbmk,4.5,0,0,,,
2023-09-29T15:44:57.240Z,us6000lbqr,4.6,0,0,,,
2023-09-30T03:07:24.089Z,us6000lbui,4.3,0,0,,,
2023-09-30T17:41:58.501Z,us6000lby5,4.5,0,0,,,
2023-09-30T18:09:00.058Z,us6000lby6,4.4,0,0,,,
2023-09-30T22:05:21.844Z,us6000ld75,4.4,0,0,,,
2023-10-01T04:05:51.822Z,us6000ld79,4.5,0,0,,,
2023-10-01T04:25:50.519Z,us6000lc0v,4.5,0,0,,,
2023-10-01T19:53:48.274Z,us6000ld7s,4.3,0,0,,,
2023-10-02T08:46:30.732Z,us6000lc85,4.7,0,0,,,
2023-10-02T13:26:24.406Z,us6000lc8v,4.4,0,0,,,
2023-10-02T16:30:29.538Z,us6000lca0,4.6,0,0,,,
2023-10-02T16:45:50.014Z,us6000ldhk,4.5,0,0,,,
2023-10-02T23:34:38.903Z,us6000lcdl,4.6,0,0,,,
2023-10-03T20:31:01.841Z,us6000ldjh,4.3,0,0,,,
2023-10-03T22:38:45.180Z,us6000lcmt,4.7,0,0,,,
2023-10-04T03:52:26.784Z,us6000le9w,4.3,1,2,5.6,2023-10-04T04:55:47.021Z,us6000lcpx
2023-10-04T04:55:47.021Z,us6000lcpx,5.6,1,1,5.5,2023-10-04T05:57:17.202Z,us6000lcq8
2023-10-04T05:57:17.202Z,us6000lcq8,5.5,0,0,,,
2023-10-04T11:00:12.083Z,us6000lcr9,4.9,0,0,,,
2023-10-04T11:13:20.008Z,us6000lcrh,5,0,0,,,
2023-10-04T14:34:16.850Z,us6000leaj,4.4,0,0,,,
2023-10-04T23:19:09.762Z,us6000lebb,5.1,0,0,,,
2023-10-04T23:47:20.035Z,us6000lcyc,5.1,0,0,,,
2023-10-05T01:06:44.371Z,us6000leit,4.5,0,0,,,
2023-10-05T01:40:26.570Z,us6000lcz3,4.7,0,0,,,
2023-10-05T03:13:16.312Z,us6000lej1,4.7,0,0,,,
2023-10-05T03:41:17.056Z,us6000leiu,4.5,1,1,5.7,2023-10-05T06:22:12.247Z,us6000ld0f
2023-10-05T04:00:01.084Z,us6000lczr,5.2,1,1,5.7,2023-10-05T06:22:12.247Z,us6000ld0f
2023-10-05T04:45:05.725Z,us6000leja,4.4,1,1,5.7,2023-10-05T06:22:12.247Z,us6000ld0f
2023-10-05T05:24:35.728Z,us6000leim,4.6,1,1,5.7,2023-10-05T06:22:12.247Z,us6000ld0f
2023-10-05T05:43:26.358Z,us6000lekk,4.5,1,1,5.7,2023-10-05T06:22:12.247Z,us6000ld0f
2023-10-05T05:45:11.441Z,us6000ld0b,4.8,1,1,5.7,2023-10-05T06:22:12.247Z,us6000ld0f
2023-10-05T06:22:12.247Z,us6000ld0f,5.7,0,0,,,
2023-10-05T06:29:08.095Z,us6000leir,4.3,0,0,,,
2023-10-05T06:29:26.503Z,us6000lekf,4.4,0,0,,,
2023-10-05T06:36:56.407Z,us6000leiw,4.2,0,0,,,
2023-10-05T06:45:02.884Z,us6000lejh,4.5,0,0,,,
2023-10-05T06:48:23.246Z,us6000ld0z,5.2,0,0,,,
2023-10-05T08:50:54.840Z,us6000ld1m,4.8,0,0,,,
2023-10-05T08:53:31.940Z,us6000lej4,4.3,0,0,,,
2023-10-05T11:56:33.859Z,us6000ld3e,4.8,0,0,,,
2023-10-05T12:34:44.240Z,us6000lejk,4.6,0,0,,,
2023-10-05T13:56:57.184Z,us6000lejp,4.6,0,0,,,
2023-10-05T14:53:10.835Z,us6000ld4n,4.9,0,0,,,
2023-10-05T16:11:34.145Z,us6000lek7,4.9,0,0,,,
2023-10-05T16:25:04.030Z,us6000lek8,4.8,0,0,,,
2023-10-05T16:58:29.698Z,us6000lejz,4.6,0,0,,,
2023-10-05T20:53:01.363Z,us6000ld9q,4.6,0,0,,,
2023-10-05T21:53:57.754Z,us6000lek9,4.7,0,0,,,
2023-10-05T21:56:36.215Z,us6000ldab,5.2,0,0,,,
2023-10-06T00:42:12.560Z,us6000ldb5,4.7,1,1,6.1,2023-10-06T01:31:17.149Z,us6000ldbb
2023-10-06T01:09:58.608Z,us6000lery,4.3,1,1,6.1,2023-10-06T01:31:17.149Z,us6000ldbb
2023-10-06T01:12:04.698Z,us6000les1,4.5,1,1,6.1,2023-10-06T01:31:17.149Z,us6000ldbb
2023-10-06T01:24:14.172Z,us6000ldc1,4.9,1,1,6.1,2023-10-06T01:31:17.149Z,us6000ldbb
2023-10-06T01:30:29.566Z,us6000ldb9,4.9,1,1,6.1,2023-10-06T01:31:17.149Z,us6000ldbb
2023-10-06T01:31:17.149Z,us6000ldbb,6.1,0,0,,,
2023-10-06T01:38:51.956Z,us6000les5,4.5,0,0,,,
2023-10-06T02:05:38.568Z,us6000les4,4.7,0,0,,,
2023-10-06T03:49:10.371Z,us6000ldd3,4.9,1,1,5.5,2023-10-06T05:49:22.063Z,us6000lddt
2023-10-06T04:57:03.494Z,us6000lddr,5.1,1,1,5.5,2023-10-06T05:49:22.063Z,us6000lddt
2023-10-06T05:16:35.455Z,us6000lesc,4.4,1,1,5.5,2023-10-06T05:49:22.063Z,us6000lddt
2023-10-06T05:20:58.009Z,us6000ldds,4.9,1,1,5.5,2023-10-06T05:49:22.063Z,us6000lddt
2023-10-06T05:49:22.063Z,us6000lddt,5.5,0,0,,,
2023-10-06T06:54:34.820Z,us6000lesf,4.7,0,0,,,
2023-10-06T07:44:04.551Z,us6000ldeg,4.3,0,0,,,
2023-10-06T13:06:57.597Z,us6000ldfp,4.9,0,0,,,
2023-10-06T13:15:27.220Z,us6000ldft,5,0,0,,,
2023-10-06T16:13:11.319Z,us6000let3,4.6,0,0,,,
2023-10-06T19:45:15.133Z,us6000let8,4.7,0,0,,,
2023-10-06T19:53:22.403Z,us6000letc,4.8,0,0,,,
2023-10-06T23:36:29.664Z,us6000ldmr,4.2,0,0,,,
2023-10-07T00:08:27.192Z,us6000letr,4.5,0,0,,,
2023-10-07T04:46:33.420Z,us6000ldnu,4.9,0,0,,,
2023-10-07T10:23:23.059Z,us6000ldth,5,0,0,,,
2023-10-07T14:26:28.186Z,us6000lduu,5.1,0,0,,,
2023-10-07T17:05:18.629Z,us6000ldvc,4.3,0,0,,,
2023-10-07T17:29:52.754Z,us6000ldvd,4.8,0,0,,,
2023-10-07T21:57:55.378Z,us6000leux,4,0,0,,,
2023-10-07T23:32:19.572Z,us6000lev1,4.3,0,0,,,
2023-10-08T05:34:23.192Z,us6000lf3i,4.4,0,0,,,
2023-10-08T10:49:50.853Z,us6000lf43,4.1,0,0,,,
2023-10-08T13:19:13.180Z,us6000le13,4.3,0,0,,,
2023-10-08T18:58:10.349Z,us6000lexg,4.3,0,0,,,
2023-10-08T21:26:45.096Z,us6000lf4a,4.5,0,0,,,
2023-10-08T21:53:49.652Z,us6000lf4b,4.4,0,0,,,
2023-10-09T02:51:35.036Z,us6000le5d,4.1,0,0,,,
2023-10-09T05:09:42.141Z,us6000le6f,5.3,0,0,,,
2023-10-09T07:43:12.251Z,us6000lf52,4.4,0,0,,,
2023-10-09T08:45:39.600Z,us6000lf4w,4.6,0,0,,,
2023-10-11T09:55:25.267Z,us6000lg5e,4.2,0,0,,,
2023-10-11T11:31:46.656Z,us6000lg5f,4.3,0,0,,,
2023-10-11T14:10:50.027Z,us6000lerj,4.5,0,0,,,
2023-10-12T06:47:08.224Z,us6000lgdc,4.3,0,0,,,
2023-10-12T09:55:35.918Z,us6000lgdp,4.5,0,0,,,
2023-10-12T17:47:42.753Z,us6000lgds,4,0,0,,,
2023-10-12T22:33:39.723Z,us6000lf8b,5.1,0,0,,,
2023-10-13T09:59:51.842Z,us6000lfbl,5.1,0,0,,,
2023-10-13T22:45:53.459Z,us6000lgkl,4.2,0,0,,,
2023-10-14T02:29:24.172Z,us6000lfgw,4.9,0,0,,,
2023-10-14T04:33:13.431Z,us6000lfh9,4.8,0,0,,,
2023-10-14T07:22:59.624Z,us6000lfi0,4,0,0,,,
2023-10-14T16:25:11.907Z,us6000lfkq,4.3,0,0,,,
2023-10-14T23:44:59.338Z,us6000lfmj,4.7,0,0,,,
2023-10-15T09:13:25.711Z,us6000lfpt,5.2,0,0,,,
2023-10-16T12:35:55.402Z,us6000lgx5,4.3,0,0,,,
2023-10-17T22:56:01.315Z,us6000lg8s,4.5,0,0,,,
2023-10-17T23:41:09.399Z,us6000lg90,4.4,0,0,,,
2023-10-18T16:27:36.399Z,us6000lgej,4.4,0,0,,,
2023-10-18T22:15:06.845Z,us6000lggz,5.1,0,0,,,
2023-10-19T00:15:02.492Z,us6000lghf,4.4,0,0,,,
2023-10-19T00:48:39.984Z,us6000lghk,4.6,0,0,,,
2023-10-19T01:25:11.291Z,us7000l5zn,4.4,0,0,,,
2023-10-20T16:55:29.950Z,us6000lgz4,4.3,0,0,,,
2023-10-20T19:01:44.453Z,us6000lgzw,5,0,0,,,
2023-10-20T19:16:10.315Z,us6000lh01,4.6,0,0,,,
2023-10-20T20:55:29.632Z,us7000l67m,4.5,0,0,,,
2023-10-20T23:07:44.056Z,us7000l67p,4.4,0,0,,,
2023-10-21T02:42:21.148Z,us6000lh2u,4.6,0,0,,,
2023-10-21T03:39:22.325Z,us7000l69b,4.1,0,0,,,
2023-10-21T09:32:17.265Z,us6000lh4w,4.4,0,0,,,
2023-10-21T15:40:21.304Z,us6000lh68,4.7,0,0,,,
2023-10-21T21:19:16.759Z,us6000lh7m,4,0,0,,,
2023-10-22T12:48:21.663Z,us6000lhav,4.4,0,0,,,
2023-10-22T23:11:14.366Z,us6000lhdf,4.2,0,0,,,
2023-10-23T16:01:32.188Z,us6000lhj3,4.5,0,0,,,
2023-10-23T20:05:46.637Z,us7000l5ug,3.9,0,0,,,
2023-10-24T08:42:04.539Z,us7000l5xz,4,0,0,,,
2023-10-24T12:29:42.320Z,us7000l5yw,4.4,0,0,,,
2023-10-24T21:06:26.656Z,us7000l6wz,4.2,0,0,,,
2023-10-27T03:40:39.647Z,us7000l82u,4.4,0,0,,,
2023-10-27T13:31:02.345Z,us7000l836,4.2,0,0,,,
2023-10-27T16:28:21.809Z,us7000l6xg,4.3,0,0,,,
2023-10-27T18:27:33.176Z,us7000l83b,4.1,0,0,,,
2023-10-29T02:13:49.536Z,us7000l7ai,4.7,0,0,,,
2023-10-29T02:25:19.185Z,us7000l7an,4.7,0,0,,,
2023-10-29T08:37:59.340Z,us7000l8dc,4,0,0,,,
2023-10-30T04:48:26.266Z,us7000l7h5,4.2,0,0,,,
2023-10-30T22:44:57.660Z,us7000l7mn,5,0,0,,,
2023-10-31T18:08:22.060Z,us7000l8nm,4.3,0,0,,,
2023-10-31T22:34:01.418Z,us7000l7y5,4.8,0,0,,,
2023-11-01T08:08:51.191Z,us7000l80y,4.9,0,0,,,
2023-11-01T08:15:58.160Z,us7000l819,4.6,0,0,,,
2023-11-03T20:05:54.667Z,us7000l9n4,4,0,0,,,
2023-11-04T10:01:18.316Z,us7000l9v8,4,0,0,,,
2023-11-04T13:16:20.263Z,us7000l9vf,4.5,0,0,,,
2023-11-04T20:34:40.275Z,us7000l9vp,4.3,0,0,,,
2023-11-05T05:16:42.745Z,us7000l8yj,4.6,0,0,,,
2023-11-05T14:45:17.229Z,us7000l913,4.3,0,0,,,
2023-11-05T17:10:08.462Z,us7000l91k,4.7,0,0,,,
2023-11-06T02:22:22.162Z,us7000la21,4.3,0,0,,,
2023-11-07T12:52:34.675Z,us7000l9cd,4.4,0,0,,,
2023-11-07T23:06:40.620Z,us7000la4p,4.2,0,0,,,
2023-11-08T08:16:30.853Z,us7000l9ip,5.6,0,0,,,
2023-11-09T06:13:58.753Z,us7000l9sh,4.4,0,0,,,
2023-11-09T09:45:03.883Z,us6000lnd1,4.6,0,0,,,
2023-11-10T01:00:10.332Z,us7000l9yv,4.3,0,0,,,
2023-11-10T01:54:07.404Z,us6000lnjp,4,0,0,,,
2023-11-10T20:50:30.208Z,us7000la7u,5.3,0,0,,,
2023-11-11T16:06:03.523Z,us7000lacy,4.1,0,0,,,
2023-11-11T17:24:08.474Z,us7000ladi,4.4,0,0,,,
2023-11-12T11:02:57.140Z,us7000lags,4.4,0,0,,,
2023-11-13T04:29:43.312Z,us6000lp41,4.2,0,0,,,
2023-11-13T23:13:27.204Z,us6000lp4u,4.3,0,0,,,
2023-11-14T07:25:00.237Z,us6000ln9a,4.4,0,0,,,
2023-11-14T11:42:26.933Z,us6000lp5v,4.3,0,0,,,
2023-11-15T01:27:27.228Z,us6000lngn,4.4,0,0,,,
2023-11-16T02:49:28.145Z,us6000lnr7,4.5,0,0,,,
2023-11-17T16:34:42.215Z,us6000lq43,4.4,0,0,,,
2023-11-17T18:47:22.337Z,us6000lq47,4.4,0,0,,,
2023-11-18T01:55:46.580Z,us6000lqae,4.4,0,0,,,
2023-11-18T17:41:35.904Z,us6000lpca,4.3,0,0,,,
2023-11-18T20:06:00.185Z,us6000lpcz,4.3,0,0,,,
2023-11-19T06:35:36.991Z,us6000lper,4.7,0,0,,,
2023-11-19T21:01:30.533Z,us6000lphm,5.8,0,0,,,
2023-11-20T05:01:07.964Z,us6000lqh2,4.3,0,0,,,
2023-11-20T21:26:04.497Z,us6000lppk,4.3,0,0,,,
2023-11-22T13:23:27.823Z,us6000lq2d,4.1,0,0,,,
2023-11-22T16:52:29.966Z,us6000lr2s,4.2,0,0,,,
2023-11-24T06:20:15.469Z,us7000leju,4.3,0,0,,,
2023-11-25T01:54:37.848Z,us7000lest,4.5,0,0,,,
2023-11-25T20:58:45.012Z,us7000leu8,4.1,0,0,,,
2023-11-26T01:47:09.705Z,us6000lqsk,4.8,0,0,,,
2023-11-26T07:42:16.206Z,us7000levf,3.9,0,0,,,
2023-11-26T18:25:10.407Z,us6000lqwl,4.4,0,0,,,
2023-11-27T10:44:08.319Z,us6000lr12,4.7,0,0,,,
2023-11-27T20:35:22.575Z,us7000le6c,4.6,0,0,,,
2023-11-28T03:02:56.518Z,us7000lf5r,4.3,0,0,,,
2023-11-28T03:37:49.797Z,us7000le8i,5,0,0,,,
2023-11-28T06:56:45.590Z,us7000le9y,4.5,0,0,,,
2023-11-29T01:03:56.394Z,us7000lg70,4.2,0,0,,,
2023-11-29T02:57:57.716Z,us7000lg5y,4.5,0,0,,,
2023-11-29T04:35:28.390Z,us7000lg68,4.2,0,0,,,
2023-11-29T15:48:51.974Z,us7000lejh,4.7,0,0,,,
2023-12-01T02:14:40.289Z,us7000lezm,4.4,0,0,,,
2023-12-01T03:52:13.496Z,us7000lf01,4.7,0,0,,,
2023-12-01T04:34:43.695Z,us7000lgpd,4.5,0,0,,,
2023-12-02T00:35:38.208Z,us7000lf9b,4.4,0,0,,,
2023-12-02T03:38:15.284Z,us7000lgyk,4.3,0,0,,,
2023-12-03T22:08:22.269Z,us7000lfzt,4.9,0,0,,,
2023-12-04T02:45:33.862Z,us7000lhj0,4.4,0,0,,,
2023-12-05T11:09:41.377Z,us7000li57,4.2,0,0,,,
2023-12-06T03:08:39.350Z,us7000lie4,4.1,0,0,,,
2023-12-07T02:28:44.990Z,us7000limq,4.3,0,0,,,
2023-12-07T03:12:30.279Z,us7000lgu2,4.4,0,0,,,
2023-12-07T09:11:06.214Z,us7000linb,4.4,0,0,,,
2023-12-07T23:27:47.682Z,us7000lipd,4.4,0,0,,,
2023-12-08T11:31:35.171Z,us7000liwv,4.2,0,0,,,
2023-12-09T07:03:46.126Z,us7000lhp9,4.5,0,0,,,
2023-12-09T15:35:31.291Z,us7000lj0w,4.4,0,0,,,
2023-12-09T18:31:04.016Z,us7000lj16,4.4,0,0,,,
2023-12-09T21:30:03.560Z,us7000lj1m,4.3,0,0,,,
2023-12-10T02:28:05.028Z,us7000lhuq,4.2,0,0,,,
2023-12-11T04:27:53.539Z,us7000ljax,4,0,0,,,
2023-12-11T08:09:10.839Z,us7000ljbh,4.4,0,0,,,
2023-12-11T12:28:12.785Z,us7000ljbd,4.3,0,0,,,
2023-12-12T01:19:25.315Z,us7000ljvp,4,0,0,,,
2023-12-14T01:17:08.355Z,us7000lk4i,4.3,0,0,,,
2023-12-14T09:38:01.851Z,us7000lk4p,4.2,0,0,,,
2023-12-15T10:00:39.684Z,us7000lj8u,4.3,0,0,,,
2023-12-16T00:15:11.457Z,us7000ljf5,4.4,0,0,,,
2023-12-16T02:04:01.450Z,us7000lkkt,4.5,0,0,,,
2023-12-17T05:11:39.056Z,us7000ljmr,4.7,0,0,,,
2023-12-17T09:22:59.546Z,us7000lknp,4.1,0,0,,,
2023-12-17T16:17:06.303Z,us7000ljph,4.5,0,0,,,
2023-12-20T13:16:01.298Z,us7000lkcf,4.5,0,0,,,
2023-12-20T17:31:32.771Z,us7000lkex,4.3,0,0,,,
2023-12-21T11:29:51.481Z,us7000lkkc,4.7,0,0,,,
2023-12-21T14:03:33.305Z,us7000lkmq,4.5,0,0,,,
2023-12-21T14:04:11.571Z,usd0010b47,5.2,0,0,,,
2023-12-21T14:17:23.770Z,usd0010b49,4.6,0,0,,,
2023-12-21T15:02:38.619Z,us6000m1gn,4.8,0,0,,,
2023-12-21T16:11:56.366Z,us7000lkpf,4.8,0,0,,,
2023-12-21T18:36:32.855Z,us6000m1gl,4.3,0,0,,,
2023-12-21T20:45:23.021Z,us7000lkqm,5,0,0,,,
2023-12-22T01:46:00.210Z,us7000lksf,4.5,0,0,,,
2023-12-22T06:10:46.831Z,us7000lku6,4,0,0,,,
2023-12-22T09:30:52.877Z,us7000lkuu,4.2,0,0,,,
2023-12-22T10:19:46.886Z,us7000lkv7,4.3,0,0,,,
2023-12-22T22:29:10.695Z,us6000m1ng,4.3,0,0,,,
2023-12-23T06:46:54.637Z,us7000ll1g,4.5,0,0,,,
2023-12-23T08:37:38.281Z,us7000ll21,4.6,0,0,,,
2023-12-23T10:15:20.807Z,us7000ll2b,4.7,0,0,,,
2023-12-23T20:38:24.003Z,us6000m1ph,4.1,0,0,,,
2023-12-24T11:46:29.053Z,us7000ll8d,4.9,0,0,,,
2023-12-24T11:55:30.075Z,us7000ll8j,4.4,0,0,,,
2023-12-25T04:49:01.655Z,us7000llbp,5,0,0,,,
2023-12-26T06:30:57.595Z,us7000llgb,4.9,0,0,,,
2023-12-26T15:06:18.936Z,us7000llid,4.8,0,0,,,
2023-12-26T19:10:22.475Z,us6000lzww,4.6,0,0,,,
2023-12-26T22:53:57.739Z,us6000lzxt,4.7,0,0,,,
2023-12-26T23:43:49.317Z,us6000lzxy,4.4,0,0,,,
2023-12-28T09:15:16.131Z,us6000m05c,6.5,0,0,,,
2023-12-28T09:37:26.968Z,us6000m05n,5,0,0,,,
2023-12-28T10:07:44.692Z,us6000m05x,4.5,0,0,,,
2023-12-28T11:44:09.943Z,us6000m06f,4.6,0,0,,,
2023-12-28T12:40:43.038Z,us6000m06q,4.9,0,0,,,
2023-12-28T13:16:53.788Z,us6000m06x,4.8,0,0,,,
2023-12-28T15:04:23.193Z,us6000m080,4.6,0,0,,,
2023-12-28T15:38:27.760Z,us6000m2i0,4.3,0,0,,,
2023-12-28T16:42:26.909Z,us6000m2i4,4.4,0,0,,,
2023-12-29T01:11:22.106Z,us6000m2q1,4.3,0,0,,,
2023-12-29T03:17:48.179Z,us6000m2q4,4.3,0,0,,,
2023-12-29T04:38:54.026Z,us6000m0ch,4.9,0,0,,,
2023-12-29T05:44:15.226Z,us6000m2q9,4.2,0,0,,,
2023-12-30T06:07:30.619Z,us6000m0js,4.5,0,0,,,
2023-12-30T07:20:45.724Z,us6000m0k8,4.3,0,0,,,
2023-12-30T10:32:23.429Z,us6000m0lk,4.5,0,0,,,
2023-12-30T22:39:19.128Z,us6000m0qf,4.3,0,0,,,
2023-12-30T23:55:48.472Z,us6000m0qv,4.4,0,0,,,
2023-12-31T00:10:51.692Z,us6000m2wj,4.2,0,0,,,
2023-12-31T04:19:26.515Z,us6000m0rx,4.3,0,0,,,
2024-01-01T04:49:01.244Z,us6000m0x6,4.5,1,3,7.5,2024-01-01T07:06:05.477Z,us6000m0xj
2024-01-01T07:06:05.477Z,us6000m0xj,5.8,1,5,7.5,2024-01-01T07:10:09.476Z,us6000m0xl
2024-01-01T07:10:09.476Z,us6000m0xl,7.5,1,4,6.2,2024-01-01T07:18:41.584Z,us6000m0xm
2024-01-01T07:18:41.584Z,us6000m0xm,6.2,1,3,5.6,2024-01-01T07:56:47.661Z,us6000m0xt
2024-01-01T07:27:28.747Z,us6000m34g,4.6,1,3,5.6,2024-01-01T07:56:47.661Z,us6000m0xt
2024-01-01T07:27:36.058Z,us6000m33q,4.2,1,3,5.6,2024-01-01T07:56:47.661Z,us6000m0xt
2024-01-01T07:28:15.144Z,us6000m33l,4.6,1,3,5.6,2024-01-01T07:56:47.661Z,us6000m0xt
2024-01-01T07:29:04.242Z,us6000m34h,4.7,1,3,5.6,2024-01-01T07:56:47.661Z,us6000m0xt
2024-01-01T07:32:19.623Z,us6000m33n,4.2,1,3,5.6,2024-01-01T07:56:47.661Z,us6000m0xt
2024-01-01T07:32:43.786Z,us6000m34f,4.4,1,3,5.6,2024-01-01T07:56:47.661Z,us6000m0xt
2024-01-01T07:35:45.071Z,us6000m33p,4.3,1,3,5.6,2024-01-01T07:56:47.661Z,us6000m0xt
2024-01-01T07:39:49.268Z,us6000m0xn,5.2,1,3,5.6,2024-01-01T07:56:47.661Z,us6000m0xt
2024-01-01T07:42:43.430Z,us6000m33v,4.8,1,3,5.6,2024-01-01T07:56:47.661Z,us6000m0xt
2024-01-01T07:45:30.869Z,us6000m33u,4.7,1,3,5.6,2024-01-01T07:56:47.661Z,us6000m0xt
2024-01-01T07:48:14.335Z,us6000m0xp,4.8,1,3,5.6,2024-01-01T07:56:47.661Z,us6000m0xt
2024-01-01T07:53:28.520Z,us6000m33w,4.3,1,3,5.6,2024-01-01T07:56:47.661Z,us6000m0xt
2024-01-01T07:54:21.406Z,us6000m33m,4.7,1,3,5.6,2024-01-01T07:56:47.661Z,us6000m0xt
2024-01-01T07:56:18.757Z,us6000m33x,4.4,1,3,5.6,2024-01-01T07:56:47.661Z,us6000m0xt
2024-01-01T07:56:47.661Z,us6000m0xt,5.6,1,2,5.6,2024-01-01T09:03:48.859Z,us6000m0y9
2024-01-01T08:02:44.840Z,us6000m0xu,5,1,2,5.6,2024-01-01T09:03:48.859Z,us6000m0y9
2024-01-01T08:07:10.627Z,us6000m0xw,5.1,1,2,5.6,2024-01-01T09:03:48.859Z,us6000m0y9
2024-01-01T08:10:47.718Z,us6000m33z,4.3,1,2,5.6,2024-01-01T09:03:48.859Z,us6000m0y9
2024-01-01T08:15:38.177Z,us6000m33y,4.5,1,2,5.6,2024-01-01T09:03:48.859Z,us6000m0y9
2024-01-01T08:17:46.634Z,us6000m0xx,4.8,1,2,5.6,2024-01-01T09:03:48.859Z,us6000m0y9
2024-01-01T08:20:34.572Z,us6000m34k,4.3,1,2,5.6,2024-01-01T09:03:48.859Z,us6000m0y9
2024-01-01T08:22:10.846Z,us6000m0xy,4.9,1,2,5.6,2024-01-01T09:03:48.859Z,us6000m0y9
2024-01-01T08:29:02.262Z,us6000m0y1,4.7,1,2,5.6,2024-01-01T09:03:48.859Z,us6000m0y9
2024-01-01T08:42:04.871Z,us6000m341,4.6,1,2,5.6,2024-01-01T09:03:48.859Z,us6000m0y9
2024-01-01T08:48:21.162Z,us6000m0y7,4.5,1,2,5.6,2024-01-01T09:03:48.859Z,us6000m0y9
2024-01-01T09:00:19.571Z,us6000m34d,4.1,1,2,5.6,2024-01-01T09:03:48.859Z,us6000m0y9
2024-01-01T09:03:48.859Z,us6000m0y9,5.5,1,1,5.6,2024-01-01T09:08:17.603Z,us6000m0ya
2024-01-01T09:06:13.801Z,us6000m35b,4.6,1,1,5.6,2024-01-01T09:08:17.603Z,us6000m0ya
2024-01-01T09:08:17.603Z,us6000m0ya,5.6,0,0,,,
2024-01-01T09:14:15.490Z,us6000m342,4.2,0,0,,,
2024-01-01T09:23:07.666Z,us6000m0yc,4.4,0,0,,,
2024-01-01T09:25:26.703Z,us6000m345,4.1,0,0,,,
2024-01-01T09:30:21.401Z,us6000m0ye,5.2,0,0,,,
2024-01-01T09:39:59.811Z,us6000m0yf,5,0,0,,,
2024-01-01T09:45:26.217Z,us6000m0yg,5.1,0,0,,,
2024-01-01T09:49:15.275Z,us6000m0yh,4.6,0,0,,,
2024-01-01T09:56:12.530Z,us6000m343,4.3,0,0,,,
2024-01-01T10:06:54.649Z,us6000m0yr,4.6,0,0,,,
2024-01-01T10:27:58.814Z,us6000m346,4.2,0,0,,,
2024-01-01T10:50:35.645Z,us6000m0yw,4.7,0,0,,,
2024-01-01T11:21:26.376Z,us6000m0yy,4.1,0,0,,,
2024-01-01T11:34:20.527Z,us6000m34a,4.3,0,0,,,
2024-01-01T11:35:32.459Z,us6000m0z3,4.6,0,0,,,
2024-01-01T12:20:46.592Z,us6000m0z5,4.2,0,0,,,
2024-01-01T12:48:31.795Z,us6000m0z9,4.4,0,0,,,
2024-01-01T12:54:28.885Z,us6000m0zj,4.3,0,0,,,
2024-01-01T13:02:59.990Z,us6000m34j,4.3,0,0,,,
2024-01-01T13:10:57.324Z,us6000m0zf,4.5,0,0,,,
2024-01-01T14:03:47.337Z,us6000m0zl,4.1,0,0,,,
2024-01-01T14:19:28.904Z,us6000m0zr,4.4,0,0,,,
2024-01-01T15:08:36.228Z,us6000m101,4.4,0,0,,,
2024-01-01T16:10:09.255Z,us6000m10a,4.1,0,0,,,
2024-01-01T17:33:30.185Z,us6000m10e,4.6,0,0,,,
2024-01-01T17:52:10.023Z,us6000m10k,4.2,0,0,,,
2024-01-01T18:29:38.901Z,us6000m10q,4.4,0,0,,,
2024-01-01T19:27:14.289Z,us6000m110,4.5,0,0,,,
2024-01-01T19:42:06.006Z,us6000m113,4.6,0,0,,,
2024-01-01T21:47:54.141Z,us6000m353,4,0,0,,,
2024-01-01T22:13:30.239Z,us6000m11s,4.5,0,0,,,
2024-01-01T22:27:01.373Z,us6000m11t,4.3,0,0,,,
2024-01-02T00:01:34.148Z,us6000m129,4.1,0,0,,,
2024-01-02T00:14:23.837Z,us6000m128,4.4,0,0,,,
2024-01-02T01:17:31.568Z,us6000m12f,5.4,0,0,,,
2024-01-02T05:55:54.060Z,us6000m3ap,4.5,0,0,,,
2024-01-02T06:02:36.444Z,us6000m13d,4.4,0,0,,,
2024-01-02T06:57:54.621Z,us6000m13h,4.8,0,0,,,
2024-01-02T08:13:40.884Z,us6000m13q,4.6,0,0,,,
2024-01-02T08:52:02.323Z,us6000m13s,4.3,0,0,,,
2024-01-02T09:29:35.927Z,us6000m142,4.4,0,0,,,
2024-01-02T09:50:20.248Z,us6000m3an,4.4,0,0,,,
2024-01-02T12:13:20.318Z,us6000m160,4.4,0,0,,,
2024-01-02T17:21:47.368Z,us6000m17v,4.8,0,0,,,
2024-01-02T17:30:30.773Z,us6000m182,4.2,0,0,,,
2024-01-02T21:32:39.491Z,us6000m1a4,4.3,0,0,,,
2024-01-03T01:54:34.243Z,us6000m1bj,5.3,0,0,,,
2024-01-03T02:48:27.840Z,us6000m3a8,4.1,0,0,,,
2024-01-03T03:37:23.804Z,us6000m3bg,4,0,0,,,
2024-01-03T03:54:13.697Z,us6000m1bt,4.9,0,0,,,
2024-01-03T04:04:31.753Z,us6000m3b4,4.2,0,0,,,
2024-01-03T04:44:08.978Z,us6000m3b7,4.2,0,0,,,
2024-01-03T07:08:12.466Z,us6000m1cd,4.1,0,0,,,
2024-01-03T08:15:07.725Z,us6000m3bf,4.3,0,0,,,
2024-01-03T09:48:00.219Z,us6000m1dz,4.7,0,0,,,
2024-01-03T09:53:53.960Z,us6000m1e1,4.5,0,0,,,
2024-01-03T10:42:14.323Z,us6000m3bj,4.2,0,0,,,
2024-01-03T10:51:14.049Z,us6000m1ei,4.4,0,0,,,
2024-01-03T14:33:15.867Z,us6000m1fb,3.8,0,0,,,
2024-01-03T15:36:53.611Z,us6000m1fl,4.6,0,0,,,
2024-01-03T17:42:18.485Z,us6000m3bw,4.3,0,0,,,
2024-01-03T17:58:55.712Z,us6000m3c3,4.1,0,0,,,
2024-01-03T19:38:41.329Z,us6000m1i6,4.8,0,0,,,
2024-01-03T21:57:42.631Z,us6000m3c1,4.2,0,0,,,
2024-01-04T00:17:31.276Z,us6000m1kb,4.6,0,0,,,
2024-01-04T06:46:47.423Z,us6000m1lr,4.5,0,0,,,
2024-01-04T06:57:12.981Z,us6000m3rc,4.2,0,0,,,
2024-01-04T07:01:19.711Z,us6000m3rd,4.1,0,0,,,
2024-01-04T08:15:59.298Z,us6000m3rh,4.8,0,0,,,
2024-01-04T08:16:22.946Z,us6000m1m0,4.9,0,0,,,
2024-01-04T08:38:19.091Z,us6000m1m7,4.2,0,0,,,
2024-01-04T09:49:51.424Z,us6000m3rj,4.2,0,0,,,
2024-01-04T12:15:41.177Z,us6000m1rg,4.4,0,0,,,
2024-01-04T12:30:38.558Z,us6000m1ri,4.5,0,0,,,
2024-01-04T13:59:08.875Z,us6000m1ry,4.6,0,0,,,
2024-01-04T15:04:13.850Z,us6000m1s6,4.6,0,0,,,
2024-01-04T15:17:59.556Z,us6000m1s9,4.3,0,0,,,
2024-01-04T22:16:03.881Z,us6000m1va,4.3,0,0,,,
2024-01-04T23:06:28.295Z,us6000m1vj,4.4,0,0,,,
2024-01-05T01:56:39.297Z,us6000m3x3,4.2,0,0,,,
2024-01-05T06:03:42.760Z,us6000m1xm,4.3,0,0,,,
2024-01-05T06:31:42.601Z,us6000m3xi,4.6,0,0,,,
2024-01-05T13:09:25.303Z,us6000m1z4,4.4,0,0,,,
2024-01-05T16:59:08.446Z,us6000m21w,4.9,0,0,,,
2024-01-05T20:26:51.093Z,us6000m22x,5.1,0,0,,,
2024-01-05T21:57:16.020Z,us6000m23v,4.2,0,0,,,
2024-01-06T01:15:29.729Z,us6000m3yl,4.5,0,0,,,
2024-01-06T14:20:22.904Z,us6000m27p,4.5,0,0,,,
2024-01-07T03:41:46.207Z,us6000m41a,4.2,0,0,,,
2024-01-07T05:37:58.050Z,us6000m2b3,4.5,0,0,,,
2024-01-07T06:26:56.123Z,us6000m2b6,4.8,0,0,,,
2024-01-07T12:38:18.454Z,us6000m2c0,4.5,0,0,,,
2024-01-08T04:11:15.301Z,us6000m46m,4.4,0,0,,,
2024-01-08T06:02:52.181Z,us6000m46n,4.4,0,0,,,
2024-01-09T08:59:10.141Z,us6000m2ny,5.9,0,0,,,
2024-01-09T09:55:09.392Z,us6000m2p4,4.5,0,0,,,
2024-01-09T11:10:44.921Z,us6000m49a,4.4,0,0,,,
2024-01-10T03:13:18.272Z,us6000m4g1,4.2,0,0,,,
2024-01-11T09:40:48.388Z,us6000m4h7,4.5,0,0,,,
2024-01-11T10:48:43.887Z,us6000m4h9,4.2,0,0,,,
2024-01-11T20:54:28.326Z,us6000m36x,4.5,0,0,,,
2024-01-12T08:29:08.884Z,us6000m39a,4.5,0,0,,,
2024-01-12T12:10:22.247Z,us6000m39q,4.1,0,0,,,
2024-01-12T12:43:19.548Z,us6000m39s,4.4,0,0,,,
2024-01-12T15:58:02.250Z,us6000m3cb,4.6,0,0,,,
2024-01-12T17:19:29.511Z,us6000m4p4,4.4,0,0,,,
2024-01-12T19:04:30.314Z,us6000m3d5,4.3,0,0,,,
2024-01-13T00:20:56.503Z,us6000m4pm,4.3,0,0,,,
2024-01-13T06:55:59.969Z,us6000m3gz,4.5,0,0,,,
2024-01-13T16:36:25.721Z,us6000m4q2,4.3,0,0,,,
2024-01-13T20:57:03.680Z,us6000m3jp,4.2,0,0,,,
2024-01-14T00:56:37.382Z,us6000m4r4,4.4,0,0,,,
2024-01-14T09:11:53.674Z,us6000m3lc,4.1,0,0,,,
2024-01-15T00:15:06.226Z,us6000m3np,4.3,0,0,,,
2024-01-15T03:08:51.621Z,us6000m3pg,4.1,0,0,,,
2024-01-16T01:18:21.942Z,us7000lt80,4.1,0,0,,,
2024-01-16T03:07:54.882Z,us7000lt82,4,0,0,,,
2024-01-16T09:42:16.421Z,us6000m3wx,4.7,0,0,,,
2024-01-16T19:51:18.579Z,us6000m42v,4.4,0,0,,,
2024-01-18T01:51:37.376Z,us7000ltqy,4.4,0,0,,,
2024-01-18T18:04:39.170Z,us6000m4hy,4.4,0,0,,,
2024-01-18T22:06:09.407Z,us7000ltrp,4.3,0,0,,,
2024-01-19T06:43:28.914Z,us6000m4m5,4.3,0,0,,,
2024-01-19T20:41:38.938Z,us7000ltz1,4.2,0,0,,,
2024-01-21T21:30:21.706Z,us6000m5az,4.2,0,0,,,
2024-01-22T07:00:37.939Z,us7000lu2c,4.3,0,0,,,
2024-01-22T16:35:18.894Z,us7000lu2n,4.4,0,0,,,
2024-01-22T17:13:20.514Z,us7000lsz3,4.3,0,0,,,
2024-01-22T17:38:25.504Z,us7000lu2s,4.1,0,0,,,
2024-01-22T23:45:41.592Z,us7000lu3r,4.2,0,0,,,
2024-01-23T04:30:58.404Z,us7000lt4j,4.6,0,0,,,
2024-01-23T21:33:49.499Z,us7000ltaz,5.1,0,0,,,
2024-01-24T12:12:29.254Z,us7000ltgh,4.4,0,0,,,
2024-01-24T13:57:44.758Z,us7000lurl,4.2,0,0,,,
2024-01-24T17:35:38.533Z,us7000ltix,4.4,0,0,,,
2024-01-24T18:12:54.176Z,us7000lurj,4.4,0,0,,,
2024-01-25T04:29:48.696Z,us7000ltmw,4.8,0,0,,,
2024-01-25T19:43:23.518Z,us7000lv12,4.5,0,0,,,
2024-01-26T00:32:38.505Z,us7000lvbn,4.1,0,0,,,
2024-01-26T00:53:06.355Z,us7000lvbh,4,0,0,,,
2024-01-26T05:40:04.386Z,us7000ltwg,4.5,0,0,,,
2024-01-26T19:44:10.666Z,us7000lvc4,4.3,0,0,,,
2024-01-27T00:25:56.032Z,us7000lvu1,4.3,0,0,,,
2024-01-27T23:59:29.184Z,us7000lufj,5.1,0,0,,,
2024-01-29T07:26:55.894Z,us7000lwes,4.2,0,0,,,
2024-01-29T15:19:18.799Z,us7000luqg,4.5,0,0,,,
2024-01-29T16:57:12.934Z,us7000lus7,4.6,0,0,,,
2024-01-29T20:03:05.077Z,us7000lutd,4.8,0,0,,,
2024-01-29T22:55:26.716Z,us7000lwf6,4.2,0,0,,,
2024-01-30T09:12:41.658Z,us7000luxu,4.4,0,0,,,
2024-01-30T10:35:53.886Z,us7000luye,4.4,0,0,,,
2024-01-31T07:24:33.905Z,us7000lx3l,4.4,0,0,,,
2024-01-31T23:07:12.081Z,us7000lviq,4.2,0,0,,,
2024-02-01T05:10:23.835Z,us7000lxcd,4.2,0,0,,,
2024-02-01T05:55:51.743Z,us7000lxce,4.2,0,0,,,
2024-02-02T11:44:01.314Z,us7000lxjy,4.3,0,0,,,
2024-02-03T06:09:04.775Z,us7000lxrj,4.2,0,0,,,
2024-02-04T01:24:27.720Z,us7000lwut,4.8,0,0,,,
2024-02-04T02:01:32.255Z,us7000lxtb,4.4,0,0,,,
2024-02-04T06:01:04.776Z,us7000lxtg,4.1,0,0,,,
2024-02-04T19:04:07.910Z,us7000lwz3,4.2,0,0,,,
2024-02-05T08:30:50.309Z,us7000lx1f,5,0,0,,,
2024-02-05T17:58:58.968Z,us7000lx56,4.3,0,0,,,
2024-02-05T19:21:07.905Z,us7000lx5i,4.3,0,0,,,
2024-02-06T07:05:17.310Z,us7000lx9k,4.4,0,0,,,
2024-02-06T16:06:39.757Z,us7000lxc6,4.9,0,0,,,
2024-02-06T21:08:13.917Z,us7000lxe4,4.9,0,0,,,
2024-02-07T07:25:12.574Z,us7000lxhp,4.4,0,0,,,
2024-02-07T08:09:38.251Z,us7000lyqe,4.4,0,0,,,
2024-02-07T11:59:34.670Z,us7000lyqp,4.1,0,0,,,
2024-02-07T18:08:02.859Z,us7000lyqv,4,0,0,,,
2024-02-08T04:26:32.323Z,us7000lyxt,4.5,0,0,,,
2024-02-09T08:42:33.870Z,us7000lxy8,4.5,0,0,,,
2024-02-09T09:20:17.550Z,us7000lxyd,4.1,0,0,,,
2024-02-09T14:40:48.908Z,us7000lxzv,4.4,0,0,,,
2024-02-09T20:18:52.376Z,us7000lz7a,4.3,0,0,,,
2024-02-10T07:47:34.813Z,us7000ly8i,4.4,0,0,,,
2024-02-10T15:34:40.392Z,us7000lybd,4.4,0,0,,,
2024-02-11T02:25:46.002Z,us7000lzg2,4.1,0,0,,,
2024-02-11T03:35:58.511Z,us7000lye7,4.4,0,0,,,
2024-02-12T08:54:04.467Z,us7000lyl1,4.7,0,0,,,
2024-02-14T01:32:53.161Z,us7000lz26,4.8,0,0,,,
2024-02-14T06:29:03.306Z,us7000lz3r,4.4,0,0,,,
2024-02-14T06:53:58.474Z,us7000lz3s,5.2,0,0,,,
2024-02-14T08:11:21.350Z,us7000m06z,4.2,0,0,,,
2024-02-14T09:18:41.509Z,us7000m070,4.1,0,0,,,
2024-02-14T17:25:48.149Z,us7000lz80,4.4,0,0,,,
2024-02-15T03:48:18.648Z,us7000lzbc,4.8,0,0,,,
2024-02-15T05:25:51.242Z,us7000lzbv,4.2,0,0,,,
2024-02-15T06:29:42.991Z,us7000lzc9,4.8,0,0,,,
2024-02-15T11:00:21.891Z,us7000lze5,4.4,0,0,,,
2024-02-15T17:19:00.490Z,us7000lzgn,4.2,0,0,,,
2024-02-16T09:52:13.278Z,us7000lzkh,4.4,0,0,,,
2024-02-16T11:00:58.056Z,us7000lzkm,4.8,0,0,,,
2024-02-16T14:59:48.525Z,us7000lzlp,4.8,0,0,,,
2024-02-17T00:42:18.916Z,us7000m0sl,4.1,0,0,,,
2024-02-17T06:33:36.506Z,us7000lztx,4.6,0,0,,,
2024-02-17T11:47:30.170Z,us7000lzuz,4.6,0,0,,,
2024-02-18T07:14:43.645Z,us7000lzyx,4.5,0,0,,,
2024-02-18T10:35:56.722Z,us7000m000,4.2,0,0,,,
2024-02-18T12:25:58.093Z,us7000m00l,4.1,0,0,,,
2024-02-19T02:21:13.374Z,us7000m13n,3.9,0,0,,,
2024-02-19T02:35:08.072Z,us7000m14c,4.3,0,0,,,
2024-02-19T19:56:53.407Z,us7000m144,4.2,0,0,,,
2024-02-21T11:21:13.584Z,us7000m1p7,4.1,0,0,,,
2024-02-21T21:44:03.140Z,us7000m0mu,4.1,0,0,,,
2024-02-22T10:22:05.402Z,us7000m1vj,4.2,0,0,,,
2024-02-22T11:31:02.490Z,us7000m1vk,4.5,0,0,,,
2024-02-22T19:36:47.657Z,us7000m0x0,4.1,0,0,,,
2024-02-22T22:48:07.995Z,us7000m0yl,4,0,0,,,
2024-02-23T23:10:43.909Z,us7000m18g,5.3,0,0,,,
2024-02-24T03:57:53.487Z,us7000m19w,4.5,0,0,,,
2024-02-24T10:17:39.491Z,us7000m1b6,5,0,0,,,
2024-02-25T01:56:36.408Z,us6000mfv7,4.4,0,0,,,
2024-02-25T23:44:23.914Z,us6000mfvt,4.1,0,0,,,
2024-02-26T06:24:12.701Z,us7000m1kx,4.9,0,0,,,
2024-02-26T21:40:17.970Z,us7000m1r0,4.3,0,0,,,
2024-02-27T00:14:12.956Z,us7000m1s3,4.7,0,0,,,
2024-02-27T12:43:57.862Z,us7000m1ud,4.4,0,0,,,
2024-02-27T18:26:58.124Z,us6000mfgy,4.2,0,0,,,
2024-02-28T07:14:29.999Z,us6000mgpj,4.1,0,0,,,
2024-02-28T13:43:34.623Z,us6000mflb,4.8,0,0,,,
2024-02-28T23:42:49.599Z,us6000mgq4,4.3,0,0,,,
2024-02-29T02:13:09.202Z,us6000mfrb,4.4,0,0,,,
2024-02-29T03:30:40.555Z,us6000mfri,4.3,0,0,,,
2024-02-29T07:27:22.092Z,us6000mfs9,4.4,0,0,,,
2024-02-29T09:35:40.027Z,us6000mfsp,4.8,0,0,,,
2024-02-29T16:01:55.231Z,us6000mfuz,4.5,0,0,,,
2024-02-29T20:43:16.110Z,us6000mfxd,5.1,0,0,,,
2024-03-01T12:44:55.356Z,us6000mg24,4.2,0,0,,,
2024-03-01T16:49:02.796Z,us6000mg4v,4.9,0,0,,,
2024-03-01T18:38:47.061Z,us6000mg5t,4.5,0,0,,,
2024-03-01T18:40:28.735Z,us6000mg68,4.5,0,0,,,
2024-03-01T18:56:30.651Z,us7000m3pz,4.2,0,0,,,
2024-03-02T00:44:45.518Z,us7000m3wr,4.4,0,0,,,
2024-03-02T09:20:13.575Z,us6000mgab,4.4,0,0,,,
2024-03-02T11:23:12.500Z,us6000mgaw,4.5,0,0,,,
2024-03-02T14:00:46.619Z,us6000mgba,4.5,0,0,,,
2024-03-03T08:31:58.877Z,us6000mgfj,4.9,0,0,,,
2024-03-04T18:58:15.802Z,us6000mgqi,4.3,0,0,,,
2024-03-07T06:41:46.146Z,us7000m3u6,4.3,0,0,,,
2024-03-07T08:14:07.379Z,us7000m3uc,4.4,0,0,,,
2024-03-07T15:00:52.275Z,us7000m3w0,4.4,0,0,,,
2024-03-07T20:54:56.774Z,us7000m40a,4.3,0,0,,,
2024-03-08T19:26:42.718Z,us7000m494,4.4,0,0,,,
2024-03-09T05:18:25.096Z,us7000m4cj,4.9,0,0,,,
2024-03-10T06:14:54.509Z,us7000m4i2,4.4,0,0,,,
2024-03-10T17:20:01.924Z,us7000m4ka,4.8,0,0,,,
2024-03-11T11:25:14.503Z,us6000mj3v,4.2,0,0,,,
2024-03-12T18:22:30.158Z,us6000mifu,4.2,0,0,,,
2024-03-12T18:31:58.286Z,us6000mjm2,4.3,0,0,,,
2024-03-13T01:10:49.262Z,us6000mjse,4.4,0,0,,,
2024-03-13T11:24:42.107Z,us6000mikg,4.6,0,0,,,
2024-03-14T04:51:31.865Z,us6000mis1,4.4,0,0,,,
2024-03-14T07:34:42.952Z,us6000mjz2,4.3,0,0,,,
2024-03-14T09:37:51.885Z,us6000misz,4.6,0,0,,,
2024-03-14T14:22:31.146Z,us6000mitx,4.3,1,1,5.6,2024-03-14T15:14:35.701Z,us6000miuf
2024-03-14T15:14:35.701Z,us6000miuf,5.6,0,0,,,
2024-03-15T06:31:01.820Z,us6000mizz,4.7,0,0,,,
2024-03-15T23:24:51.506Z,us6000mj6v,4.4,0,0,,,
2024-03-16T21:17:04.821Z,us6000mjbp,5.3,0,0,,,
2024-03-17T00:48:34.758Z,us6000mka4,4.2,0,0,,,
2024-03-17T17:25:18.296Z,us6000mjgu,4.2,0,0,,,
2024-03-17T18:50:20.347Z,us6000mjh3,4.2,0,0,,,
2024-03-18T09:49:27.634Z,us6000mkhm,4.4,0,0,,,
2024-03-18T16:12:34.179Z,us6000mjl9,4.5,0,0,,,
2024-03-18T17:46:29.621Z,us6000mjm8,4.7,0,0,,,
2024-03-19T01:15:07.141Z,us6000mjpp,4.5,0,0,,,
2024-03-21T00:08:02.844Z,us6000mk4v,5.2,0,0,,,
2024-03-22T05:44:02.424Z,us6000mkfa,4.4,0,0,,,
2024-03-22T17:56:03.553Z,us6000mkk5,4.3,0,0,,,
2024-03-22T23:31:49.930Z,us6000mkmf,4.6,0,0,,,
2024-03-26T21:06:06.305Z,us7000m85k,4.3,0,0,,,
2024-03-26T22:29:17.616Z,us7000m9du,4.2,0,0,,,
2024-03-27T04:15:27.047Z,us7000m87m,4.4,0,0,,,
2024-03-27T09:12:15.494Z,us7000m88k,4.7,0,0,,,
2024-04-01T19:24:36.670Z,us7000m98g,5.9,0,0,,,
2024-04-02T05:08:27.718Z,us7000m9av,4.4,0,0,,,
2024-04-02T09:32:58.020Z,us7000m9bk,4.9,0,0,,,
2024-04-03T18:09:31.073Z,us7000m9ps,4.5,0,0,,,
2024-04-03T22:41:51.445Z,us7000m9r6,4.9,0,0,,,
2024-04-04T02:15:51.832Z,us7000m9sk,4.4,1,1,6.1,2024-04-04T03:16:30.313Z,us7000m9sq
2024-04-04T03:16:30.313Z,us7000m9sq,6.1,0,0,,,
2024-04-04T20:31:49.325Z,us7000m9z0,5,0,0,,,
2024-04-05T15:40:10.073Z,us7000ma7g,4.4,0,0,,,
2024-04-06T00:12:17.749Z,us7000mac0,5.4,0,0,,,
2024-04-06T06:13:04.871Z,us7000madm,4.4,0,0,,,
2024-04-07T17:08:33.368Z,us7000man0,4.2,0,0,,,
2024-04-08T01:25:29.592Z,us7000mapp,5.1,0,0,,,
2024-04-08T02:45:47.964Z,us7000maq6,4.2,0,0,,,
2024-04-08T04:57:08.499Z,us7000maqe,4.6,0,0,,,
2024-04-08T13:29:25.620Z,us7000mcnt,4.2,0,0,,,
2024-04-08T21:13:03.428Z,us7000mavc,4.3,0,0,,,
2024-04-09T09:56:43.981Z,us7000mcw7,4.8,0,0,,,
2024-04-11T07:13:43.715Z,us7000mbc0,4.4,0,0,,,
2024-04-12T02:14:47.725Z,us7000md65,4.2,0,0,,,
2024-04-12T17:07:48.703Z,us7000mbqy,4.7,0,0,,,
2024-04-12T19:48:14.680Z,us7000md6v,4,0,0,,,
2024-04-13T12:00:29.133Z,us7000mbwa,4.5,0,0,,,
2024-04-13T16:29:52.734Z,us7000mbx6,4.4,0,0,,,
2024-04-14T16:06:11.915Z,us7000mdvy,4.3,0,0,,,
2024-04-16T18:21:28.465Z,us7000mchq,4.3,0,0,,,
2024-04-17T10:16:21.064Z,us7000mcmg,4.1,0,0,,,
2024-04-17T14:14:46.694Z,us7000mcpi,6.3,0,0,,,
2024-04-17T14:19:00.978Z,us6000mtqm,4.8,0,0,,,
2024-04-17T15:37:55.683Z,us6000mtqp,4.3,0,0,,,
2024-04-19T00:33:22.263Z,us7000md1g,4.5,0,0,,,
2024-04-19T20:59:39.920Z,us7000mday,4.8,0,0,,,
2024-04-19T22:07:30.981Z,us7000mdbe,4.7,0,0,,,
2024-04-21T12:28:14.059Z,us7000mdna,4.3,0,0,,,
2024-04-22T06:40:45.100Z,us7000mdsc,4.1,0,0,,,
2024-04-23T17:01:58.641Z,us6000mt8x,4.3,0,0,,,
2024-04-24T11:40:07.440Z,us6000mtg4,5.1,0,0,,,
2024-04-24T15:26:04.178Z,us6000mth5,4.3,0,0,,,
2024-04-25T04:45:54.820Z,us6000mw07,4.1,0,0,,,
2024-04-26T21:36:16.382Z,us6000mw2m,4.4,0,0,,,
2024-04-27T02:59:24.305Z,us6000mw4d,4.3,0,0,,,
2024-04-27T20:43:31.189Z,us6000mugn,4.7,0,0,,,
2024-04-28T00:25:58.325Z,us6000muia,4.6,0,0,,,
2024-04-28T00:30:47.654Z,us6000mwqk,4.1,0,0,,,
2024-04-28T05:08:33.305Z,us6000mwql,4.3,0,0,,,
2024-04-28T16:16:05.992Z,us6000munv,4.6,0,0,,,
2024-04-29T16:14:42.006Z,us6000muxb,4.3,0,0,,,
2024-04-30T20:05:49.101Z,us6000mvb0,4,0,0,,,
2024-05-03T07:40:19.788Z,us6000mvxp,4.5,0,0,,,
2024-05-04T16:34:17.111Z,us6000mxrd,4.2,0,0,,,
2024-05-05T06:54:49.632Z,us6000mwfc,4.5,0,0,,,
2024-05-05T17:32:26.294Z,us6000mxsj,4.2,0,0,,,
2024-05-06T04:43:23.479Z,us6000myam,4.3,0,0,,,
2024-05-06T06:26:25.581Z,us6000mwmv,4.8,0,0,,,
2024-05-07T06:08:06.640Z,us6000mwwd,4.2,0,0,,,
2024-05-07T18:04:48.396Z,us6000mx1a,4,0,0,,,
2024-05-08T19:34:44.142Z,us6000mxar,4.5,0,0,,,
2024-05-09T19:32:20.726Z,us6000myzd,4.3,0,0,,,
2024-05-10T08:30:07.138Z,us6000mxpl,4.3,0,0,,,
2024-05-10T10:40:49.280Z,us6000myzp,4.5,0,0,,,
2024-05-10T16:05:35.223Z,us6000myzt,4.3,0,0,,,
2024-05-10T18:29:35.280Z,us6000myzz,4.3,0,0,,,
2024-05-11T00:47:16.033Z,us6000mxw5,5,0,0,,,
2024-05-11T18:34:54.522Z,us6000mz6q,4.3,0,0,,,
2024-05-12T16:37:10.106Z,us6000my40,4.2,0,0,,,
2024-05-15T03:46:36.137Z,us6000n0a3,4.1,0,0,,,
2024-05-16T16:15:27.348Z,us6000mz0k,4.2,0,0,,,
2024-05-17T03:42:00.166Z,us6000mz43,4.5,0,0,,,
2024-05-18T00:55:45.225Z,us6000mzc0,4.5,0,0,,,
2024-05-18T15:45:55.369Z,us6000mzgl,4.3,0,0,,,
2024-05-19T08:15:37.381Z,us6000mzm2,4.3,0,0,,,
2024-05-21T01:07:02.607Z,us7000mnib,4.3,0,0,,,
2024-05-21T06:09:32.746Z,us6000mzzn,4.1,0,0,,,
2024-05-21T06:46:46.901Z,us6000mzzt,4.4,0,0,,,
2024-05-21T12:06:43.201Z,us6000n00u,4.3,0,0,,,
2024-05-21T20:46:22.671Z,us6000n05q,4.3,0,0,,,
2024-05-21T21:40:16.388Z,us7000mnj8,4.4,0,0,,,
2024-05-23T10:59:58.326Z,us6000n0e9,4.6,0,0,,,
2024-05-25T15:06:59.686Z,us6000n0yn,4.7,0,0,,,
2024-05-25T15:55:35.442Z,us6000n0yw,4.8,0,0,,,
2024-05-27T04:26:46.486Z,us7000mq25,4.1,0,0,,,
2024-05-27T06:40:35.170Z,us7000mq22,4.3,0,0,,,
2024-05-27T09:43:29.955Z,us7000mq26,4,0,0,,,
2024-05-27T17:12:38.165Z,us6000n1b5,4.3,0,0,,,
2024-05-28T09:55:22.477Z,us6000n1fy,4.4,0,0,,,
2024-05-28T23:22:36.508Z,us7000mnnd,4.2,0,0,,,
2024-05-28T23:46:09.332Z,us7000mnnt,4.4,0,0,,,
2024-05-29T15:58:41.297Z,us7000mqik,4.2,1,1,5.5,2024-05-29T17:14:58.129Z,us7000mnu8
2024-05-29T17:14:58.129Z,us7000mnu8,5.5,0,0,,,
2024-05-29T17:32:43.825Z,us7000mqim,4.5,0,0,,,
2024-05-30T15:27:11.677Z,us7000mqng,4.3,0,0,,,
2024-05-30T19:46:44.008Z,us7000mp2j,4.5,0,0,,,
2024-05-31T04:23:12.995Z,us7000mqqz,4,0,0,,,
2024-05-31T19:02:03.195Z,us7000mpbk,4.7,0,0,,,
2024-05-31T23:51:16.367Z,us7000mpdv,4.4,0,0,,,
2024-06-01T00:29:30.918Z,us7000mpdz,4.5,0,0,,,
2024-06-01T02:49:27.243Z,us7000mped,4.2,0,0,,,
2024-06-01T11:30:27.503Z,us7000mqyh,4.2,0,0,,,
2024-06-02T21:31:39.387Z,us7000mppu,5.7,0,0,,,
2024-06-02T21:40:20.148Z,us7000mppw,4.9,0,0,,,
2024-06-03T03:56:47.097Z,us7000mpui,4.2,0,0,,,
2024-06-05T01:54:05.096Z,us7000mry0,4.1,0,0,,,
2024-06-05T12:54:16.641Z,us7000mqhh,4.1,0,0,,,
2024-06-06T00:03:25.979Z,us7000mqlh,4.7,0,0,,,
2024-06-07T07:10:09.105Z,us7000mscd,4.3,0,0,,,
2024-06-07T12:35:24.201Z,us7000mqxl,4.5,0,0,,,
2024-06-07T18:27:45.246Z,us7000msd8,4.1,0,0,,,
2024-06-09T17:25:02.634Z,us7000mrdj,4.1,0,0,,,
2024-06-10T11:44:40.326Z,us7000mt7e,4.4,0,0,,,
2024-06-10T22:27:27.609Z,us7000mrkz,4.6,0,0,,,
2024-06-10T23:04:11.827Z,us7000mt7s,4.4,0,0,,,
2024-06-11T00:58:15.252Z,us6000n8al,4.3,0,0,,,
2024-06-11T10:33:48.490Z,us7000mrp0,4.2,0,0,,,
2024-06-11T14:48:43.278Z,us7000mrq1,4.1,0,0,,,
2024-06-11T22:23:59.726Z,us6000n8b2,4.4,0,0,,,
2024-06-12T05:35:31.098Z,us7000mrvt,4.7,0,0,,,
2024-06-13T03:31:52.885Z,us7000ms27,4.2,0,0,,,
2024-06-13T17:44:37.717Z,us7000ms7q,4.2,0,0,,,
2024-06-14T00:56:00.230Z,us7000ms9z,4.2,0,0,,,
2024-06-14T18:24:18.420Z,us6000n8cz,4.2,0,0,,,
2024-06-14T21:56:50.875Z,us7000msja,4.3,0,0,,,
2024-06-16T10:16:36.236Z,us7000mssq,4.5,0,0,,,
2024-06-16T10:35:01.200Z,us7000msss,4.5,0,0,,,
2024-06-17T06:57:22.777Z,us7000msy5,4.9,0,0,,,
2024-06-17T09:26:04.164Z,us7000msyr,4.5,0,0,,,
2024-06-17T16:31:09.418Z,us7000mt1f,4.2,0,0,,,
2024-06-18T09:28:18.734Z,us7000mt52,4.3,0,0,,,
2024-06-19T08:55:23.989Z,us7000mtdi,4.2,0,0,,,
2024-06-20T05:37:57.894Z,us7000mtjg,4.7,0,0,,,
2024-06-20T07:40:32.970Z,us7000mtjt,4.2,0,0,,,
2024-06-21T05:03:59.397Z,us6000n8vp,4.1,0,0,,,
2024-06-21T05:23:18.616Z,us7000mtqy,4.5,0,0,,,
2024-06-22T00:33:34.828Z,us7000mtvq,4.6,0,0,,,
2024-06-23T03:12:06.264Z,us7000mu1d,4.7,0,0,,,
2024-06-23T05:34:08.040Z,us6000n8xy,4.1,0,0,,,
2024-06-23T13:54:25.714Z,us7000mu4d,4.5,0,0,,,
2024-06-24T02:00:08.928Z,us7000mu7g,4.7,0,0,,,
2024-06-24T14:24:18.188Z,us7000muc7,4.2,0,0,,,
2024-06-24T22:34:29.294Z,us6000n80l,4.1,0,0,,,
2024-06-25T08:30:59.769Z,us6000n82p,5.4,0,0,,,
2024-06-25T08:59:23.652Z,us6000n82r,4,0,0,,,
2024-06-27T09:45:11.558Z,us6000n8l9,4.4,0,0,,,
2024-06-27T11:27:29.934Z,us6000n8lm,4.2,0,0,,,
2024-06-27T16:19:08.767Z,us6000n8n1,4.6,0,0,,,
2024-06-28T01:46:52.548Z,us6000n8ss,4.5,0,0,,,
2024-06-28T06:43:59.803Z,us6000n8ty,4.3,0,0,,,
2024-06-28T18:19:45.511Z,us7000mx8h,4.1,0,0,,,
2024-06-29T06:49:41.906Z,us6000n943,5,0,0,,,
2024-06-29T09:29:00.038Z,us6000n959,4.2,0,0,,,
2024-06-30T01:15:58.140Z,us6000n99j,4.4,0,0,,,
2024-06-30T01:37:08.979Z,us7000mx9s,4.3,0,0,,,
2024-06-30T10:38:15.490Z,us6000n9dp,4.2,0,0,,,
2024-07-01T03:32:28.556Z,us6000n9j2,4.2,0,0,,,
2024-07-01T06:02:17.457Z,us7000mxtg,4.3,0,0,,,
2024-07-01T19:58:49.531Z,us6000n9nz,4.5,0,0,,,
2024-07-02T11:40:42.108Z,us7000my2h,4.2,0,0,,,
2024-07-02T15:32:43.011Z,us6000n9tt,4.7,0,0,,,
2024-07-04T01:25:27.361Z,us7000mwza,4.5,0,0,,,
2024-07-04T03:12:30.294Z,us7000mwzq,5.1,0,0,,,
2024-07-05T18:14:03.423Z,us7000mxbi,5.1,0,0,,,
2024-07-05T19:21:33.964Z,us7000mytt,4.3,0,0,,,
2024-07-06T06:42:24.427Z,us7000mxds,4.3,0,0,,,
2024-07-06T10:21:19.268Z,us7000mxei,4.8,0,0,,,
2024-07-09T19:02:47.648Z,us7000mzu7,4.1,0,0,,,
2024-07-10T08:39:18.062Z,us7000my8n,4.5,0,0,,,
2024-07-10T15:00:59.408Z,us7000n0b4,4.4,0,0,,,
2024-07-10T18:47:39.666Z,us7000n0b8,4.4,0,0,,,
2024-07-11T03:01:18.294Z,us7000myhp,4.9,0,0,,,
2024-07-11T04:26:49.669Z,us7000myi8,4.2,0,0,,,
2024-07-13T03:27:39.828Z,us6000nex3,4.3,0,0,,,
2024-07-13T15:05:42.983Z,us7000mz2k,4.1,0,0,,,
2024-07-14T09:49:49.171Z,us7000mz6a,4.7,0,0,,,
2024-07-14T18:03:38.159Z,us7000mz88,4.5,0,0,,,
2024-07-16T03:08:35.362Z,us7000mzh5,4.2,0,0,,,
2024-07-16T09:02:54.188Z,us7000mzid,4.4,0,0,,,
2024-07-16T13:19:20.866Z,us7000mzjf,4.4,0,0,,,
2024-07-17T20:51:31.955Z,us6000ngpm,4.1,0,0,,,
2024-07-18T00:48:48.116Z,us7000mzxg,4.2,0,0,,,
2024-07-18T07:46:27.897Z,us7000mzyp,4,0,0,,,
2024-07-18T11:07:34.561Z,us7000mzzc,5.6,0,0,,,
2024-07-18T12:04:17.332Z,us7000mzzr,4.3,0,0,,,
2024-07-18T15:17:35.762Z,us7000n00u,4.4,0,0,,,
2024-07-18T22:54:38.623Z,us7000n04c,4.6,0,0,,,
2024-07-19T05:27:47.749Z,us7000n072,4.6,0,0,,,
2024-07-19T07:14:21.132Z,us6000nh59,4.2,0,0,,,
2024-07-19T08:08:08.131Z,us6000nh55,4.2,0,0,,,
2024-07-19T12:37:11.673Z,us7000n08y,4.4,0,0,,,
2024-07-20T11:15:50.346Z,us7000n0gi,4.9,0,0,,,
2024-07-20T20:46:41.258Z,us7000n0iy,4.4,0,0,,,
2024-07-21T04:27:27.767Z,us7000n0lj,5.3,0,0,,,
2024-07-22T01:07:33.377Z,us7000n0r5,4.7,0,0,,,
2024-07-22T17:27:26.034Z,us6000nej5,4.4,0,0,,,
2024-07-22T23:27:12.498Z,us6000nemz,4.4,0,0,,,
2024-07-23T00:06:19.359Z,us6000nid5,4.1,0,0,,,
2024-07-23T02:20:31.698Z,us6000nid6,4.1,0,0,,,
2024-07-25T02:41:06.629Z,us6000nfi9,4.3,0,0,,,
2024-07-25T04:01:41.982Z,us6000nfiy,4.2,0,0,,,
2024-07-25T06:35:52.787Z,us6000niw4,4.4,0,0,,,
2024-07-25T07:26:09.538Z,us6000nfke,4.5,0,0,,,
2024-07-25T11:31:11.825Z,us6000nfm4,4.5,0,0,,,
2024-07-26T00:19:25.181Z,us6000nj3l,3.9,0,0,,,
2024-07-26T09:29:16.447Z,us6000ng37,4,0,0,,,
2024-07-27T15:58:39.443Z,us6000ngd3,4.5,0,0,,,
2024-07-27T20:14:30.902Z,us6000ngdz,4.3,0,0,,,
2024-07-27T22:08:08.362Z,us6000njn1,4.4,0,0,,,
2024-07-28T10:13:06.640Z,us6000njw2,4.6,0,0,,,
2024-07-28T10:13:22.968Z,us6000ngh3,5.3,0,0,,,
2024-07-28T21:49:11.740Z,us6000njvx,4,0,0,,,
2024-07-29T16:25:31.492Z,us6000ngq6,5.2,0,0,,,
2024-07-29T22:35:12.139Z,us6000ngsj,4.9,0,0,,,
2024-07-30T01:04:55.710Z,us6000ngt6,4.4,0,0,,,
2024-07-30T12:48:37.552Z,us7000n773,4.2,0,0,,,
2024-07-30T16:47:16.455Z,us6000ngwt,4.6,0,0,,,
2024-07-31T14:03:52.338Z,us7000n7el,4.3,0,0,,,
2024-08-01T05:54:48.443Z,us6000nhaj,4.4,0,0,,,
2024-08-01T14:51:24.107Z,us6000nhd1,4.5,0,0,,,
2024-08-01T16:28:34.977Z,us7000n7yc,4.1,0,0,,,
2024-08-02T03:54:02.275Z,us7000n8l7,4.4,0,0,,,
2024-08-02T08:16:14.751Z,us7000n8la,4.4,0,0,,,
2024-08-02T08:22:35.191Z,us7000n8lb,4.2,0,0,,,
2024-08-02T11:05:26.908Z,us7000n8ll,4.5,0,0,,,
2024-08-02T13:50:24.308Z,us6000nhjs,4.5,0,0,,,
2024-08-02T22:16:12.113Z,us6000nhqb,4.7,0,0,,,
2024-08-03T08:33:58.533Z,us7000n8n4,4.5,0,0,,,
2024-08-03T09:36:31.400Z,us7000n8mt,4.3,0,0,,,
2024-08-03T11:05:09.982Z,us6000nhvn,4.3,0,0,,,
2024-08-04T06:06:03.102Z,us6000ni0i,4.1,0,0,,,
2024-08-04T07:14:36.135Z,us6000ni0s,4.3,0,0,,,
2024-08-04T07:20:01.945Z,us7000n8sm,4.2,0,0,,,
2024-08-04T11:11:58.875Z,us6000ni1d,4.7,0,0,,,
2024-08-04T13:19:49.511Z,us6000ni1r,4.9,0,0,,,
2024-08-04T17:00:20.258Z,us6000ni2h,4.5,0,0,,,
2024-08-05T13:55:00.260Z,us7000n90h,4.4,0,0,,,
2024-08-05T14:48:37.485Z,us7000n90j,4.2,0,0,,,
2024-08-08T01:09:04.198Z,us6000nn9k,4.2,0,0,,,
2024-08-08T07:42:55.206Z,us6000nith,7.1,0,0,,,
2024-08-08T08:35:47.750Z,us6000nitt,4.8,0,0,,,
2024-08-08T09:00:02.375Z,us6000nitx,4.6,0,0,,,
2024-08-08T10:04:27.389Z,us6000nn9s,4.3,0,0,,,
2024-08-08T12:49:16.076Z,us6000niuu,5.2,0,0,,,
2024-08-08T16:26:33.681Z,us6000nna5,4.2,0,0,,,
2024-08-08T18:48:53.762Z,us6000niy4,4.4,0,0,,,
2024-08-08T19:23:31.596Z,us6000niy6,5.3,0,0,,,
2024-08-08T19:26:20.014Z,us6000nnac,4.3,0,0,,,
2024-08-08T19:47:51.157Z,us6000niyp,4.3,0,0,,,
2024-08-09T08:47:23.735Z,us6000np9g,4.3,0,0,,,
2024-08-09T10:14:26.956Z,us6000np9j,4.3,0,0,,,
2024-08-09T10:57:39.340Z,us6000nj24,5,0,0,,,
2024-08-09T15:10:42.942Z,us6000nj3a,4.8,0,0,,,
2024-08-10T22:42:43.466Z,us6000njf2,4.9,0,0,,,
2024-08-11T00:38:38.548Z,us6000njfg,4.4,0,0,,,
2024-08-11T21:48:13.760Z,us6000npi5,4.2,0,0,,,
2024-08-12T05:03:14.267Z,us6000njjt,4.3,0,0,,,
2024-08-12T18:47:05.739Z,us6000njnt,4.5,0,0,,,
2024-08-12T20:17:45.424Z,us6000npp6,4.3,0,0,,,
2024-08-13T02:09:55.557Z,us6000npvh,4,0,0,,,
2024-08-13T17:37:18.437Z,us6000njv7,4.7,0,0,,,
2024-08-13T21:24:34.841Z,us6000njxn,4.2,0,0,,,
2024-08-13T22:50:47.340Z,us6000npvy,4.2,0,0,,,
2024-08-15T04:50:58.286Z,us7000n73m,4.5,0,0,,,
2024-08-15T11:20:35.628Z,us7000n750,4.1,0,0,,,
2024-08-16T13:06:02.018Z,us7000n7dx,4.5,0,0,,,
2024-08-16T15:57:17.642Z,us7000n7ft,4.5,0,0,,,
2024-08-17T00:33:29.161Z,us7000n7jh,4.5,0,0,,,
2024-08-17T06:32:09.569Z,us7000n7kx,5.2,0,0,,,
2024-08-17T22:48:37.986Z,us7000ncuz,4.4,0,0,,,
2024-08-18T06:49:52.663Z,us7000nd3t,4.2,0,0,,,
2024-08-18T15:48:21.791Z,us7000n7ta,4.7,0,0,,,
2024-08-18T15:50:49.923Z,us7000n7tb,4.8,0,0,,,
2024-08-19T23:02:12.752Z,us7000n81b,4.7,0,0,,,
2024-08-20T08:24:22.218Z,us7000n83y,5.1,0,0,,,
2024-08-20T10:18:14.776Z,us7000n859,4.3,0,0,,,
2024-08-21T13:18:03.766Z,us7000n8gj,4.3,0,0,,,
2024-08-21T21:05:35.236Z,us7000n8jt,4.4,0,0,,,
2024-08-22T01:51:08.005Z,us7000ndk7,4.5,0,0,,,
2024-08-22T12:55:20.770Z,us7000ndkv,4.3,0,0,,,
2024-08-23T09:17:41.423Z,us7000n8yl,4.8,0,0,,,
2024-08-23T10:06:32.572Z,us7000n8yq,4.5,0,0,,,
2024-08-23T12:00:59.597Z,us7000n8z3,4.1,0,0,,,
2024-08-24T00:32:39.082Z,us7000n94d,4.5,0,0,,,
2024-08-24T21:05:28.694Z,us7000n989,4.5,0,0,,,
2024-08-26T17:45:05.984Z,us7000nhp4,4,0,0,,,
2024-08-27T08:13:07.519Z,us7000ngcv,4.4,0,0,,,
2024-08-27T10:47:31.720Z,us6000nn1p,4.6,0,0,,,
2024-08-27T17:05:09.868Z,us6000nn2w,3.9,0,0,,,
2024-08-28T03:38:45.690Z,us6000nn5x,4.7,0,0,,,
2024-08-29T02:17:24.443Z,us6000nwgz,4.3,0,0,,,
2024-08-31T13:04:14.319Z,us6000nnvm,4.9,0,0,,,
2024-09-01T02:28:41.780Z,us6000nnz4,4.6,0,0,,,
2024-09-01T03:03:50.590Z,us6000nnza,4,0,0,,,
2024-09-02T10:00:51.678Z,us7000ngfg,4.2,0,0,,,
2024-09-04T04:08:51.897Z,us6000nxb8,4.2,0,0,,,
2024-09-04T08:57:22.592Z,us6000nxbg,4.3,0,0,,,
2024-09-04T09:49:22.013Z,us6000nxbi,4.4,0,0,,,
2024-09-06T04:04:19.675Z,us6000npzz,4.2,0,0,,,
2024-09-06T11:23:13.902Z,us6000nxk4,4.7,0,0,,,
2024-09-06T21:09:29.968Z,us6000nq7k,4.3,0,0,,,
2024-09-07T13:42:52.564Z,us6000nqat,5.2,0,0,,,
2024-09-07T22:51:17.172Z,us6000nqd9,4.9,0,0,,,
2024-09-08T01:41:53.492Z,us6000nqe1,4.7,0,0,,,
2024-09-08T02:08:19.678Z,us6000nqe8,4.6,0,0,,,
2024-09-09T06:54:07.611Z,us6000nqkx,4.4,0,0,,,
2024-09-09T07:17:37.335Z,us6000nql1,4.5,0,0,,,
2024-09-09T18:49:52.832Z,us6000nqr9,4.2,0,0,,,
2024-09-11T04:06:58.797Z,us6000nylh,4.3,0,0,,,
2024-09-11T16:04:06.096Z,us7000nd3f,4.4,0,0,,,
2024-09-12T02:43:18.238Z,us6000nyms,4.5,0,0,,,
2024-09-12T04:09:00.867Z,us7000nd7u,4.4,0,0,,,
2024-09-12T23:48:17.804Z,us7000nded,5.2,0,0,,,
2024-09-13T21:59:30.910Z,us7000ndnt,4.3,0,0,,,
2024-09-14T04:46:06.936Z,us7000ndqy,4.5,0,0,,,
2024-09-14T10:28:52.602Z,us6000nz0c,4.3,0,0,,,
2024-09-14T19:40:58.424Z,us7000nduc,4.2,0,0,,,
2024-09-14T22:22:46.971Z,us6000nz0k,4.3,0,0,,,
2024-09-15T11:42:49.979Z,us7000ng89,4.5,0,0,,,
2024-09-15T16:51:31.980Z,us7000ne37,4.3,0,0,,,
2024-09-15T17:14:24.114Z,us7000ne3a,4.3,0,0,,,
2024-09-16T14:13:46.241Z,us7000ne8y,5.5,0,0,,,
2024-09-16T14:25:40.327Z,us7000ne90,4.8,0,0,,,
2024-09-18T09:01:59.011Z,us6000nsv4,4.5,0,0,,,
2024-09-18T20:45:50.885Z,us6000nsyd,4.7,0,0,,,
2024-09-18T21:33:31.419Z,us6000nsyq,4.5,0,0,,,
2024-09-19T09:18:11.590Z,us6000nt0t,4.4,0,0,,,
2024-09-20T10:59:54.509Z,us6000nu39,4.2,0,0,,,
2024-09-20T12:22:20.548Z,us6000nt9k,4.4,0,0,,,
2024-09-21T15:57:50.439Z,us6000nthw,4.3,0,0,,,
2024-09-21T21:13:23.530Z,us6000ntjg,4.3,0,0,,,
2024-09-23T06:53:48.269Z,us6000ntt8,4.5,0,0,,,
2024-09-23T09:03:55.397Z,us7000ngue,4.4,0,0,,,
2024-09-23T12:50:10.284Z,us6000ntut,4.7,0,0,,,
2024-09-23T23:14:20.196Z,us6000ntz9,5.6,0,0,,,
2024-09-24T06:00:47.156Z,us6000nu0y,4.6,0,0,,,
2024-09-24T07:06:49.659Z,us6000nz29,4.4,0,0,,,
2024-09-24T17:07:41.507Z,us7000nfz4,4.5,0,0,,,
2024-09-26T07:01:09.508Z,us7000ngi1,5.5,0,0,,,
2024-09-26T10:49:06.526Z,us6000nzd9,4.5,0,0,,,
2024-09-28T17:53:11.656Z,us6000p01x,4.5,0,0,,,
2024-09-29T00:39:36.615Z,us6000p02l,4.4,0,0,,,
2024-10-01T05:20:02.055Z,us7000nmfi,4.7,0,0,,,
2024-10-01T05:52:51.403Z,us7000nhdq,4.6,0,0,,,
2024-10-02T02:27:57.549Z,us7000nmmv,4.1,0,0,,,
2024-10-02T14:40:52.638Z,us7000nhql,4.7,0,0,,,
2024-10-04T21:17:01.130Z,us6000nwlq,4.4,0,0,,,
2024-10-05T19:25:31.212Z,us7000nmxn,4.5,0,0,,,
2024-10-06T01:49:29.936Z,us7000nn48,4.5,0,0,,,
2024-10-06T08:09:32.296Z,us7000nn4i,4.2,0,0,,,
2024-10-06T10:06:10.655Z,us6000nwv8,4.4,0,0,,,
2024-10-06T17:20:02.337Z,us6000nwx8,4.2,0,0,,,
2024-10-08T05:25:01.513Z,us7000nnt7,4.4,0,0,,,
2024-10-09T11:19:41.598Z,us6000nxhs,4.6,0,0,,,
2024-10-09T20:48:11.036Z,us7000nnuy,4.2,0,0,,,
2024-10-10T02:33:02.967Z,us6000nxqp,4.6,0,0,,,
2024-10-11T01:59:40.176Z,us7000np1g,4.5,0,0,,,
2024-10-11T11:51:15.580Z,us7000np1q,4,0,0,,,
2024-10-11T22:35:21.333Z,us6000ny74,4.5,0,0,,,
2024-10-12T12:26:30.722Z,us6000ny9z,4.9,0,0,,,
2024-10-12T16:09:26.240Z,us7000np71,4.3,0,0,,,
2024-10-12T18:50:30.570Z,us6000nybc,4.9,0,0,,,
2024-10-14T02:26:38.441Z,us7000npdv,4.4,0,0,,,
2024-10-14T10:45:58.120Z,us6000nyk2,4.8,0,0,,,
2024-10-14T11:52:53.788Z,us6000nyk6,4.9,0,0,,,
2024-10-15T01:28:16.968Z,us7000npvj,4.5,0,0,,,
2024-10-16T08:53:21.440Z,us6000nyzs,4.6,0,0,,,
2024-10-17T04:01:57.334Z,us7000nq7u,4.2,0,0,,,
2024-10-17T07:56:38.809Z,us6000nz9z,4.4,0,0,,,
2024-10-17T14:12:10.487Z,us7000nq82,4.4,0,0,,,
2024-10-18T04:38:07.288Z,us6000nzgv,5.2,0,0,,,
2024-10-18T07:03:16.336Z,us7000nqen,4.3,0,0,,,
2024-10-18T22:56:21.418Z,us6000nznc,4.2,0,0,,,
2024-10-19T14:41:11.220Z,us6000nzr8,4.1,0,0,,,
2024-10-19T23:37:35.054Z,us6000nzt2,4.8,0,0,,,
2024-10-20T08:24:28.031Z,us7000nqmh,4.4,0,0,,,
2024-10-21T14:11:32.872Z,us6000p02e,4.6,0,0,,,
2024-10-21T20:59:15.500Z,us7000nmc5,4.2,0,0,,,
2024-10-22T01:12:37.434Z,us7000nmck,4.5,0,0,,,
2024-10-23T03:12:09.900Z,us7000nmjm,4.6,0,0,,,
2024-10-23T08:11:17.911Z,us7000nmku,4.3,0,0,,,
2024-10-24T11:16:19.046Z,us7000nmup,4.4,0,0,,,
2024-10-25T02:12:23.882Z,us7000nn1v,4.6,0,0,,,
2024-10-25T06:31:50.960Z,us7000nn2q,4.9,0,0,,,
2024-10-25T11:17:06.791Z,us7000nn3x,4.7,0,0,,,
2024-10-25T12:22:16.308Z,us7000nrkf,4.2,0,0,,,
2024-10-25T16:04:12.404Z,us7000nrkj,4.7,0,0,,,
2024-10-25T21:20:23.225Z,us7000nn8r,4.3,0,0,,,
2024-10-26T00:19:26.112Z,us7000nrpk,4.2,0,0,,,
2024-10-26T06:18:12.963Z,us7000nrpp,4.3,0,0,,,
2024-10-26T16:52:14.739Z,us7000nrpy,4.1,0,0,,,
2024-10-26T17:10:14.827Z,us7000nrqi,4.1,0,0,,,
2024-10-27T03:32:17.882Z,us7000nnfb,4.4,0,0,,,
2024-10-28T04:28:58.607Z,us7000nrza,4.5,0,0,,,
2024-10-28T09:25:51.320Z,us7000nrzi,4.5,0,0,,,
2024-10-29T19:36:27.644Z,us7000nnwi,4.3,0,0,,,
2024-10-29T20:37:07.712Z,us7000ns14,4.3,0,0,,,
2024-10-30T06:14:26.974Z,us7000nnyg,4.5,0,0,,,
2024-10-30T18:07:25.533Z,us7000np2e,4.4,0,0,,,
2024-10-31T13:12:48.085Z,us7000np6i,4.6,0,0,,,
2024-10-31T20:51:59.806Z,us7000np96,4.9,0,0,,,
2024-11-01T10:21:10.300Z,us7000npdi,4.3,0,0,,,
2024-11-01T12:25:57.451Z,us7000nsnk,4.5,0,0,,,
2024-11-01T14:16:51.290Z,us7000npc6,4.6,0,0,,,
2024-11-01T21:10:58.944Z,us7000nsny,4.2,0,0,,,
2024-11-03T23:31:31.679Z,us6000p6lf,4.3,0,0,,,
2024-11-04T10:21:25.382Z,us6000p6t0,4.4,0,0,,,
2024-11-04T15:10:56.374Z,us7000npv8,4.3,0,0,,,
2024-11-05T23:08:37.445Z,us7000nq5w,4.3,0,0,,,
2024-11-06T12:59:49.347Z,us6000p70w,4.4,0,0,,,
2024-11-06T22:31:44.710Z,us6000p718,4.3,0,0,,,
2024-11-09T02:21:10.086Z,us7000nqtu,4.4,0,0,,,
2024-11-09T05:00:39.995Z,us7000nquf,5,0,0,,,
2024-11-09T05:07:57.211Z,us7000nua3,4.2,0,0,,,
2024-11-09T12:17:31.895Z,us7000nuaf,4.2,0,0,,,
2024-11-09T15:52:15.327Z,us7000nqwe,4.5,0,0,,,
2024-11-10T09:03:32.843Z,us7000nqzl,4.3,0,0,,,
2024-11-11T11:50:57.184Z,us7000nr5b,4.8,0,0,,,
2024-11-11T19:52:33.487Z,us7000nr91,4.1,0,0,,,
2024-11-11T22:13:52.365Z,us7000nuqu,4.1,0,0,,,
2024-11-12T08:13:20.139Z,us7000nrbt,4.4,0,0,,,
2024-11-12T13:48:50.508Z,us7000nrcd,4.5,0,0,,,
2024-11-13T01:24:24.125Z,us7000nrgm,4.4,0,0,,,
2024-11-13T07:02:08.807Z,us7000nria,4.4,0,0,,,
2024-11-13T09:40:51.983Z,us7000nuwr,4.2,0,0,,,
2024-11-13T16:34:06.010Z,us7000nrky,4.5,0,0,,,
2024-11-13T21:39:58.523Z,us7000nux1,4.3,0,0,,,
2024-11-14T00:02:14.259Z,us7000nrml,4.5,0,0,,,
2024-11-14T07:07:14.875Z,us7000nuxy,4.4,0,0,,,
2024-11-14T11:15:12.381Z,us7000nrpa,4.5,0,0,,,
2024-11-15T15:41:05.650Z,us7000ns09,4.5,0,0,,,
2024-11-15T17:58:51.265Z,us7000ns1s,4.7,0,0,,,
2024-11-16T12:22:17.410Z,us7000ns5p,5,0,0,,,
2024-11-17T00:30:23.755Z,us7000ns82,4.2,0,0,,,
2024-11-17T08:31:07.320Z,us7000nvnk,4.3,0,0,,,
2024-11-17T10:09:15.495Z,us7000nvnq,4.4,0,0,,,
2024-11-18T12:51:04.783Z,us7000nvva,4.3,0,0,,,
2024-11-19T01:07:10.532Z,us7000nsjm,4.7,0,0,,,
2024-11-19T18:36:11.645Z,us6000p6ev,5,0,0,,,
2024-11-20T01:41:02.811Z,us6000p6gu,4.7,0,0,,,
2024-11-20T04:41:27.995Z,us7000nw5p,4.1,0,0,,,
2024-11-20T06:40:15.398Z,us6000p6hv,4.9,0,0,,,
2024-11-20T08:09:51.060Z,us6000p6i0,4.5,0,0,,,
2024-11-21T14:30:19.068Z,us6000p6ru,4.4,0,0,,,
2024-11-21T17:28:21.963Z,us6000p6tl,4.8,0,0,,,
2024-11-22T09:48:18.856Z,us7000nwle,4.2,0,0,,,
2024-11-22T18:40:29.776Z,us6000p746,4.2,0,0,,,
2024-11-23T00:43:04.494Z,us7000nwmr,4.2,0,0,,,
2024-11-23T23:22:32.228Z,us6000p7bu,4.7,0,0,,,
2024-11-24T11:06:31.656Z,us6000p7f7,4.6,0,0,,,
2024-11-24T23:32:53.814Z,us6000p7i6,4.5,0,0,,,
2024-11-25T06:49:48.624Z,us6000p7jc,4.4,0,0,,,
2024-11-26T04:31:21.640Z,us7000nu6z,5.3,0,0,,,
2024-11-26T12:18:13.433Z,us7000nu8k,4.8,1,1,6.1,2024-11-26T13:47:03.411Z,us7000nu90
2024-11-26T13:47:03.411Z,us7000nu90,6.1,0,0,,,
2024-11-26T14:13:50.847Z,us7000nu95,4.4,0,0,,,
2024-11-26T14:33:00.261Z,us7000nxut,4.2,0,0,,,
2024-11-26T14:52:52.173Z,us7000nu9d,4.9,0,0,,,
2024-11-26T16:48:15.134Z,us7000nxuz,4.2,0,0,,,
2024-11-26T17:19:47.342Z,us7000nub4,4.9,0,0,,,
2024-11-27T01:53:54.720Z,us7000nxvt,4,0,0,,,
2024-11-27T02:28:56.138Z,us7000nxvu,4.4,0,0,,,
2024-11-27T03:41:04.626Z,us7000nxw4,4.3,0,0,,,
2024-11-27T04:04:09.268Z,us7000nxvw,4.3,0,0,,,
2024-11-27T06:01:22.433Z,us7000nxw0,4.3,0,0,,,
2024-11-27T15:32:53.854Z,us7000nuis,4.3,0,0,,,
2024-11-27T19:13:16.340Z,us7000nxwf,4.2,0,0,,,
2024-11-28T02:18:47.715Z,us7000numc,4.1,0,0,,,
2024-11-28T08:31:06.405Z,us7000nunw,4.5,0,0,,,
2024-11-28T14:39:53.510Z,us7000nurn,4.4,0,0,,,
2024-11-28T19:28:43.622Z,us7000nutf,4.8,0,0,,,
2024-11-30T00:52:29.523Z,us7000nv16,4.8,0,0,,,
2024-11-30T02:04:59.574Z,us7000nv1j,4.3,0,0,,,
2024-11-30T16:24:15.891Z,us7000nygq,4.1,0,0,,,
2024-12-02T01:18:43.690Z,us7000nvcs,4.8,0,0,,,
2024-12-03T21:05:26.021Z,us7000nzc1,4.6,0,0,,,
2024-12-03T21:05:43.845Z,us7000nvqg,4.2,0,0,,,
2024-12-03T22:31:07.006Z,us7000nvr1,4.6,0,0,,,
2024-12-04T01:36:47.642Z,us7000nzjh,4,0,0,,,
2024-12-04T10:11:44.149Z,us7000nvuq,4.3,0,0,,,
2024-12-05T12:59:52.277Z,us7000nw40,4.2,0,0,,,
2024-12-05T14:36:01.277Z,us7000nw4s,4.9,0,0,,,
2024-12-06T01:03:12.067Z,us7000nwee,4.4,0,0,,,
2024-12-06T03:53:37.514Z,us7000p013,4.3,0,0,,,
2024-12-06T05:26:00.960Z,us7000nwgn,4.8,0,0,,,
2024-12-06T21:41:53.761Z,us7000nwr8,4.6,0,0,,,
2024-12-07T03:44:54.717Z,us7000nwt1,4,0,0,,,
2024-12-07T22:39:44.842Z,us7000nwyq,4.5,0,0,,,
2024-12-09T12:00:22.274Z,us7000nxab,4.5,0,0,,,
2024-12-09T12:42:44.126Z,us7000nxag,4.9,0,0,,,
2024-12-09T20:33:22.347Z,us7000nxdu,4.8,0,0,,,
2024-12-09T21:39:04.978Z,us7000nxed,3.9,0,0,,,
2024-12-10T21:23:24.019Z,us7000p0eq,4.4,0,0,,,
2024-12-11T06:28:03.293Z,us6000ph1s,4.6,0,0,,,
2024-12-12T09:17:22.062Z,us6000ph4i,4.4,0,0,,,
2024-12-12T19:55:19.950Z,us7000ny8l,5.1,0,0,,,
2024-12-13T02:35:43.231Z,us7000nyc0,4.3,0,0,,,
2024-12-13T08:18:59.912Z,us6000ph5j,4.3,0,0,,,
2024-12-13T09:17:41.192Z,us7000nye3,4.4,0,0,,,
2024-12-13T18:58:20.877Z,us6000ph5y,4.2,0,0,,,
2024-12-13T20:53:40.412Z,us7000nyjv,4.1,0,0,,,
2024-12-15T01:58:53.634Z,us6000ph74,4.2,0,0,,,
2024-12-15T06:51:43.038Z,us6000ph7f,4.4,0,0,,,
2024-12-15T17:35:13.123Z,us7000nz49,4.5,0,0,,,
2024-12-15T19:37:55.375Z,us7000nz4u,4.4,0,0,,,
2024-12-16T02:34:00.820Z,us7000nz66,4.6,0,0,,,
2024-12-16T04:51:12.964Z,us6000ph8i,4.1,0,0,,,
2024-12-17T04:09:33.867Z,us7000nzg7,5.4,0,0,,,
2024-12-17T13:11:18.418Z,us7000nzj3,4.5,0,0,,,
2024-12-20T18:58:26.893Z,us7000p0fs,4.5,0,0,,,
2024-12-21T01:19:30.181Z,us7000p0it,4.4,0,0,,,
2024-12-21T13:17:29.921Z,us7000p0lb,4.4,0,0,,,
2024-12-22T07:55:51.387Z,us7000p0ps,4.6,0,0,,,
2024-12-22T19:25:38.940Z,us6000phm4,4.4,0,0,,,
2024-12-23T16:18:22.236Z,us6000pfb7,4.5,0,0,,,
2024-12-23T22:11:56.857Z,us6000pfd8,4,0,0,,,
2024-12-24T02:29:56.426Z,us6000pfe4,4,0,0,,,
2024-12-24T05:01:26.077Z,us6000pfej,4.6,0,0,,,
2024-12-26T21:02:25.395Z,us6000pfs7,5.8,0,0,,,
2024-12-26T21:48:20.129Z,us6000pfsg,4.5,0,0,,,
2024-12-27T00:09:23.741Z,us6000pima,4.4,0,0,,,
2024-12-27T01:12:03.308Z,us6000pftv,4.3,0,0,,,
2024-12-27T06:07:08.497Z,us6000pimg,4.3,0,0,,,
2024-12-27T15:46:41.235Z,us6000pfxu,4.6,0,0,,,
2024-12-27T16:55:53.556Z,us6000pfy9,4.6,0,0,,,
2024-12-27T19:10:05.808Z,us6000pfz8,5.3,0,0,,,
2024-12-28T02:10:34.211Z,us6000pg2u,4.6,0,0,,,
2024-12-28T19:36:23.720Z,us6000pg6t,4.3,0,0,,,
2024-12-29T05:19:54.131Z,us6000pg8l,4.4,0,0,,,
2024-12-31T16:28:31.896Z,us6000pj8g,4.3,0,0,,,
